date_range_start,California,Arizona,Texas,Nevada,Washington,Florida,Colorado,Illinois,Utah,New York,Virginia,Oregon,Georgia,Michigan,Ohio,North Carolina,Minnesota,Missouri,Pennsylvania,New Jersey,Tennessee,Hawaii,Indiana,Wisconsin,Idaho,Maryland,New Mexico,Massachusetts,Oklahoma,Kansas,Iowa,Louisiana,Alabama,South Carolina,Nebraska,Arkansas,Connecticut,Kentucky,Mississippi,Montana,Alaska,New Hampshire,South Dakota,Wyoming,North Dakota,Rhode Island,District of Columbia,Maine,Delaware,West Virginia,Vermont,Puerto Rico,Guam,U.S. Virgin Islands,Northern Mariana Islands,American Samoa
2019-01-07,230262.528892,16813.560608,20813.039544,9756.815551,9081.798273,9216.801453,7338.002769,8170.524409000001,4789.811701,6775.488174,5290.449703,4362.300659,3217.583435,4156.982795,4640.745306,2809.760413,4106.356531,4050.105033,3633.844232,3462.277287,2877.262139,2731.0082460000003,2694.444868,2452.563607,2196.619471,3391.962983,2162.868658,3802.598624,1541.289965,2252.870947,2913.825559,1099.716033,1510.351664,1254.407542,995.650829,978.7753730000001,1344.409864,1040.651976,812.8335930000001,604.70318,534.388876,458.44939,579.390039,458.449388,489.3877,725.64383,1102.5286,382.509919,129.37836199999998,191.25495800000002,163.129228,78.752044,33.750874,0.0,0.0,22.500584
2019-01-14,233760.096569,20107.565340999998,21653.199559,9803.332422000001,10455.933639,10298.507941,7845.528133,8326.392295,6073.772417,8795.807263,4860.162943,4742.8091890000005,3411.845851,4164.627213,4136.004492,4250.495911,5690.2262120000005,3620.79274,4158.902643,4264.807308,2856.562217,2959.60453,3034.023995,4699.874878,1705.922947,3285.905261,1954.941897,3592.169859,2596.09414,3076.958227,1891.971558,1597.156033,1539.910292,1554.221716,1396.795937,1262.268487,1600.0182949999999,907.344902,1305.202776,764.230583,706.984854,686.948833,443.654452,549.55905,460.82818,598.217934,523.79846,309.126971,148.838913,148.838914,203.222363,160.288062,48.658875,0.0,0.0,0.0
2019-01-21,254186.27769000002,19319.667557,20264.123175,9080.660832,10139.006277,10416.787259,6919.524443,6961.191629,5219.504841,6205.627453,5116.725837,4580.608521,4094.49181,5350.061934,5191.72675,3797.266172,5175.059972999999,5083.392089,4752.832762,4469.496115,2772.254334,3663.931175,2772.2542949999997,4575.052878,2077.8017999999997,3233.3707289999998,2183.358598,3083.368969,1772.24269,2913.9225969999998,2086.135235,1236.125425,1547.24013,1819.465491,2150.024909,1025.011847,1138.90205,1333.348752,827.787351,522.228254,961.122227,580.562277,522.228263,313.892519,441.671767,611.118189,536.1173,341.670616,388.89339,322.225948,255.558509,91.667723,33.333717,0.0,0.0,0.0
2019-01-28,209213.05374499998,14926.174372000001,16550.740374999998,6602.499615,5781.3185379999995,9866.885271000001,6844.023515,6424.5348030000005,4034.719608,5595.726476,4238.108184,3544.044795,3783.026367,3477.94365,4222.853948,3734.7216280000002,5041.492801,2753.372002,3228.792638,2987.268791,2491.509293,1939.8179,2410.153915,3221.165578,1934.733224,2722.863755,1446.60078,2318.62905,1835.5813369999998,2145.748842,933.04482,1248.297016,1845.750769,1405.923104,1400.838392,737.283364,851.689416,742.368085,681.351522,366.09933,455.08180999999996,627.962034,376.268757,88.982474,325.421627,327.96398,498.30185,254.235637,274.57449,282.201567,147.456677,83.897764,20.338852,0.0,0.0,0.0
2019-02-04,231156.330816,17898.672831,16945.627435000002,7756.09169,8200.330026,10452.515394,7257.615167,8804.700877,4191.853744,5689.866775,4780.727898,4135.032628,4070.463073,4132.449751,4703.244527,4034.304039,5294.7014469999995,3083.840683,3398.939968,3618.47633,2706.754623,2575.03281,2068.807669,2668.012918,1518.675322,3169.072466,1438.609137,2518.211603,2166.9534009999998,2275.430158,1738.211681,1213.907134,1807.946795,1459.27131,2373.575857,1250.066074,1479.933591,785.165464,712.847591,689.602569,563.046274,769.668785,694.7681269999999,165.297991,410.66219800000005,485.562863,441.65558,147.218524,219.536394,198.874146,113.642369,129.139054,30.993374,30.993373,0.0,0.0
2019-02-11,269489.674607,22751.541103,16321.12741,9168.610118,11316.473902,10019.849114,8454.412731999999,6846.809155,4598.7998609999995,6886.340368,7302.735872,3810.8105859999996,4040.091787,4250.925026,5168.049623,3921.4981239999997,4735.841425,3926.7689539999997,4090.164694,3528.82121,2174.217675,2851.51952,2002.915687,2909.498539,1989.7386569999999,3151.956808,1241.2806349999998,2854.154864,1789.447033,3273.18596,2045.082333,1135.864028,1757.822066,1573.3429939999999,1607.603372,1272.905621,1325.613911,756.364206,880.228735,737.916302,772.176731,801.166273,983.009948,181.843662,930.3016389999999,606.145543,745.8226,397.947714,252.999876,226.64571899999999,137.0416,137.041597,21.083323,0.0,0.0,0.0
2019-02-18,270673.024447,22616.665752,20492.314759,9286.295121000001,15072.392148,10637.910119,8152.769371,8252.390556,4975.666439,12705.719833,5993.416403,4418.327165000001,4345.630794,6074.19005,5783.404522,4386.017694,5794.174426,3634.821349,5145.291459,3694.055459,1860.490007,3152.87088,3521.737911,3909.452152,2649.380883,2374.7498809999997,2191.662636,4528.718065,2547.067331,2711.307345,2267.051493,1472.775725,1790.486013,1575.089228,1537.394759,1039.289642,1251.994025,1381.23207,869.664652,729.656717,1109.293568,945.053521,568.109114,333.865057,799.66067,858.894819,573.494,764.6586940000001,245.013876,207.319434,207.31944099999998,21.539682,53.849205,0.0,0.0,0.0
2019-02-25,221280.40140099998,17742.570964000002,16228.929633,7825.694024,8244.411756,8778.638311,6737.98981,6644.139421,4882.636174,5344.6698584999995,4658.838758,3621.669547,4028.3553635,4028.355366,3612.0438045,3660.17234,5101.621013,2894.929204,3900.8148570000003,2875.677853,2194.659612,1985.3006560000001,2250.007346,1987.707,1723.0002650000001,2740.917996,1725.406659,2620.5967180000002,1251.340993,1944.391413,1624.3368505,1451.074268,1282.6245,1114.174762,1049.201278,719.52108,969.78924,810.965223,539.039189,774.868832,666.579713,1085.29766,346.525193,320.054525,736.366045,428.34364,423.5308,425.937221,163.636898,98.6634245,267.11316899999997,38.5028,38.5028,0.0,0.0,0.0
2019-03-04,227540.589349,33677.618211,28322.662029,8673.627494,9420.015098,10028.646972,7140.77732,7331.131358,5870.916241999999,4916.641834999999,5314.882281,3529.0618249999998,4716.269215,4535.93396,4465.803616,5041.874665,7899.688478,4333.056731,4763.857797,3574.145596,3746.966964,3448.91266,3130.821363,2877.850986,1655.5783199999998,2720.057577,2419.498784,3283.605415,1304.9263199999998,4545.952586,2159.014439,2018.7536109999999,1339.9915409999999,1327.4682249999998,1663.0923129999999,884.143952,1277.375094,941.751058,851.583398,806.4995759999999,668.743442,653.715502,636.182895,460.8569,1410.12196,718.836593,703.80865,488.408124,182.83997,273.007618,237.94241899999997,30.055884,50.09314,0.0,0.0,0.0
2019-03-11,237682.82031500002,58315.33696,52829.715809,9131.391045,10195.548589,12544.451629000001,8629.6130695,7679.3861210000005,8726.57531,6384.944076,5521.982815,3449.4212325,5168.0716729999995,3100.3581990000002,5837.109057,4816.5847109999995,10142.219506,6944.899441,3958.471372,3558.503401,4433.584976,4069.9775600000003,4518.4266375,4094.2181875,2428.8966259999997,2666.453487,4343.89516,4026.344735,3735.458951,8362.967786,4644.477179,1136.8788299999999,1689.561896,1376.8596355,2373.143553,2116.194514,1544.118971,1195.055981,1580.479701,542.986914,1340.498903,724.790542,424.208506,404.816128,1081.125695,843.568905,974.4675,322.39847399999996,358.75919999999996,378.151597,441.176866,63.025263,77.56956,9.696195,0.0,0.0
2019-03-18,271298.136567,49314.607749999996,24966.6449015,11542.975219999998,8967.188815,15203.304108,18037.901833,10517.590504,6864.656645,5861.455405,5385.735946,7594.257335,4217.388589,4224.783289,6916.418769,4466.3403149999995,7567.14382,8074.906387,3396.58776,4064.566846,5235.3789315,5627.29292,3995.5505735,5442.427802,7217.132533,3394.122876,3278.274071,2666.986839,6800.570005,2080.348343,5252.633086,1513.428787,2107.461863,1464.131419,1966.964442,3778.642159,1035.24442,870.098295,423.957232,1257.082562,872.563174,421.492366,677.838617,522.551956,337.686866,581.70879,561.9898,261.2759795,290.854386,256.346239,184.86507600000002,96.12984,19.71894,0.0,0.0,0.0
2019-03-25,314375.759547,22003.67606,14273.251514,11608.881831,12021.671355999999,9527.273971,19515.90085,18743.299938,6567.108351,4061.673708,4335.395234,12668.448522,5112.411014,9143.180845,7573.697097,4161.008117,10010.701212,3494.363873,2682.0291,2712.9332299999996,2659.954774,2483.3603700000003,7121.173741,7222.71559,4659.887616,2955.75058,3194.153183,1946.954522,1792.4343059999999,1774.774833,1317.836531,1249.406139,1858.657242,1063.981907,887.387426,829.994198,1057.359643,1492.223584,615.873352,1105.923106,313.45525299999997,273.721498,655.607114,1059.567056,302.418097,518.74639,417.20453,271.51406199999997,326.699839,125.823583,61.808076,116.993863,88.29726,0.0,0.0,0.0
2019-04-01,308020.404263,24174.436558999998,19075.196464,11926.399661,22178.877414,10062.312837,7597.210543,6775.509725,16382.365345,5155.585369,5326.968638,3312.627885,9073.924149,12269.16621,3185.851299,4122.590105,6801.334691,3138.896931,2399.366197,2892.386712,2615.356182,2324.23925,4606.219741,2981.599957,1903.998053,2249.1123589999997,1960.343273,2439.2773829999996,3519.226934,1824.175722,1335.850696,1598.794932,1779.569086,1636.358375,1624.619791,1025.952093,1422.71618,3528.617787,901.523119,709.010381,446.06613200000004,443.718415,575.1905449999999,666.751473,483.629602,601.0154170000001,272.3351,338.071171,356.852899,164.340155,223.03306800000001,133.819844,21.129448,0.0,9.390866,0.0
2019-04-08,278631.788706,25184.68352,21387.901372,16458.285627999998,18542.699506,10135.88105,7538.710457,7791.511286,7030.724053,5623.625298,6713.530551,3794.3968210000003,4090.12607,3381.806801,3844.48003,4812.75472,4378.700579,2940.597958,3954.186016,4965.389178,2279.976969,1953.243933,2864.2807159999998,3439.044691,2098.723566,2580.4760100000003,2394.452855,3372.26718,2027.176204,1700.443069,1054.131607,1652.744791,1721.907321,1857.8473470000001,1264.003987,1037.437225,2072.4896040000003,1383.2496,829.949778,1116.139343,796.5609880000001,620.077429,629.617077,355.352063,519.911083,713.089024,491.2921,307.653796,95.396527,438.824027,276.649926,410.205067,150.24953,0.0,0.0,0.0
2019-04-15,331326.520317,27061.751556,19370.264425,33709.632261,8989.395562,10119.367823,7247.655289,8828.656487,8485.58618,9797.889334,8629.532047,3852.940826,4224.80003,3586.641671,5309.1893900000005,7401.197083,4558.273755,2538.238753,5311.588401,8547.962745,2204.765058,2298.32964,1804.116779,4872.55474,1770.52946,4327.961044,1597.794932,4678.228343,1465.844876,1700.955825,1451.4503240000001,1849.699521,1091.586599,2483.05962,1528.221265,1110.779334,3250.768967,921.251119,717.328345,887.663839,561.387404,453.42829,422.240104,851.677454,580.580137,602.171961,558.9883,475.020102,283.09279599999996,333.47371699999997,345.469173,196.725502,115.15639,9.596366,0.0,9.596366
2019-04-22,291430.784829,28308.515938999997,24974.576679,9532.043469,11382.367063,12075.040217,8983.177914,8544.564816,4577.87349,12983.424297,4702.506726,4064.959833,3933.136317,3312.367097,6145.375783,7003.427386,3451.381023,4055.372661,4029.008104,7559.48319,3055.910327,3012.76811,2823.421463,3190.130675,1955.782649,2667.629918,3269.224879,2499.854479,3247.65376,2610.1070130000003,1905.449952,1795.197468,1754.452061,1948.59222,1028.223946,1186.412238,1560.31185,1116.905242,1143.269969,917.971492,409.85150600000003,580.02375,558.452633,553.659038,239.67922900000002,376.2964,309.18622,292.40868,388.28036899999995,150.99792300000001,299.599051,143.80754000000002,98.268486,19.17434,0.0,0.0
2019-04-29,258207.204762,28493.194944,20824.982913,11356.370168,7112.11312,11098.561125,6958.706109,6481.440425,6587.97292,4955.894228,4704.477447,5051.773569,3854.347655,3311.031698,3600.80026,4090.849951,3496.398319,3072.398754,3490.006344,2522.690734,3379.212515,3191.715376,2337.3241669999998,1981.50543,1508.500894,2241.444828,2203.093044,2156.218811,2232.922242,2039.03299,1212.340416,1855.7970289999998,1433.928102,1071.717457,1073.84809,824.5619399999999,1048.280307,865.0443,639.195297,464.48192,323.858954,396.30107599999997,187.497287,281.245931,285.50723700000003,468.743214,443.1754,251.41682,78.834085,274.853974,172.582728,42.61302,0.0,0.0,0.0,17.045208
2019-05-06,235298.644101,26686.191605,20856.916211,9335.04201,8312.24203,10603.860202,7578.741786,6396.485481,5371.407806,5615.148414,5489.861095,3610.551833,3387.312636,3373.6449230000003,3480.708591,3754.062673,2738.0966750000002,3068.399552,3357.6992999999998,2567.250364,2990.949248,2658.36834,2300.7301899999998,2175.442868,2118.4942229999997,3289.360715,2031.931966,2963.61382,1804.136943,1544.450597,977.240843,1526.226959,1587.731633,1209.5918,1136.697365,717.554472,656.049798,813.22838,624.158479,574.043573,421.420875,521.650704,239.184821,198.18170700000002,558.097907,542.152265,662.88367,148.066791,118.453439,200.459658,27.335409,50.114916,27.335407,0.0,0.0,0.0
2019-05-13,241615.88051999998,30370.304660000005,23163.632841,9770.764901,9437.64378,11675.653246,6308.183977,8508.658738,6474.744368,5243.1355109999995,6242.4981474999995,3997.4508690000002,4752.8377709999995,3746.4372455,4473.673073,5285.362066,3267.869207,3288.9825105,4225.005313,3610.37379,3169.3405,3061.42803,2793.992963,2514.8283109999998,2782.2633565,3352.322388,2367.035194,3507.1532589999997,1989.341778,2033.9142729999999,1362.980599,2313.079016,1773.516963,1367.6724709999999,1365.326541,940.714684,1360.634696,1271.4896609999998,1137.7721345,926.63916,544.253887,736.6194919999999,394.114887,312.007608,436.34147,523.1406,567.7131,276.818792,178.29006399999997,190.019676,190.019672,93.836878,21.113297,9.383688,0.0,9.383688
2019-05-20,301471.831228,55167.17091,27934.204213,15155.842944,10163.13211,10475.326676,9188.124768,8006.58861,6952.3316,6500.850354,5388.957505,4205.019953,5122.3915369999995,3510.98751,3604.645912,5991.733194,3333.2768260000003,4718.940123,3955.264317,3333.27677,3282.845348,4243.44384,2819.35659,2759.31922,2516.768097,3030.68828,3290.049889,3568.62334,2728.099749,4454.775519,1546.563559,3172.3765559999997,1988.438923,1697.857851,1858.758093,1909.189548,1584.98757,1116.695772,1455.306736,497.10972000000004,353.019955,497.109734,758.8728265,213.733167,386.64090500000003,718.04739,739.6608,160.90025,319.39901,367.428925,184.915211,86.453866,19.21197,0.0,0.0,0.0
2019-05-27,259199.269338,55022.160627,28764.030642,16420.302659,7901.927542,10158.716653,10238.93929,6419.920317,7806.927428999999,4522.022173,4222.243,2883.792004,4617.022683,1965.454118,4477.688598,3462.239261,2516.456818,4826.023749,3002.014768,2425.678614,3844.352179,2402.45635,2645.235221,2539.679109,2011.8988140000001,2151.232784,5054.025044,2769.791381,3762.018566,4585.355883,928.893448,2847.902868,1667.785951,1323.67316,1758.564178,1815.5644790000001,941.5601790000001,1959.1207,1566.452133,472.89119600000004,808.559511,373.668503,432.779899,272.334669,426.44654,745.225901,508.78027,437.002141,84.444856,344.112794,177.334204,38.000187,50.666916,0.0,8.444486,0.0
2019-06-03,258603.67356499998,56785.795134,38053.338019,16640.294636,6493.722126000001,14801.215129,13618.045792,8349.673733,11319.196783,5635.344362,5504.584186,3037.011945,6569.647302,3167.772157,5563.637137,6187.911909,3342.822154,5759.777531,3690.813075,3277.442064,5297.898624,3886.95344,3503.108894,2402.192065,3182.535394,3081.301717,5308.443821,3013.812604,4669.405881,3593.7974600000002,1870.714997,3169.881246,2815.563197,2043.655923,2385.319769,2045.764943,868.9228439999999,1347.674029,1457.343922,548.349379,774.016252,510.386725,774.016215,664.346358,936.412014,628.492762,482.96927,341.663845,436.570452,151.850595,156.06867,50.61686400000001,84.36144,0.0,0.0,0.0
2019-06-10,302176.469253,64842.86512699999,41891.76013,16329.503987,8068.85009,17390.965313,12225.33208,12000.833928,9054.02563,6423.257864,7240.605142,5054.47407,7881.405132,4365.722961,6458.131442,8404.507276,4760.229102,5394.49043,5597.192596,3857.878048,5387.951647,4744.9721150000005,5209.225204,3535.298486,3190.922923,4309.053526,5180.890499,3295.5432010000004,4978.188335,3790.310684,2146.898243,2587.1758330000002,2454.220719,2587.175879,2670.000348,3001.298363,1194.41645,2234.081905,2053.175748,1150.82463,697.4694870000001,789.012346,1065.820545,547.077627,1102.873611,719.265375,725.80414,265.910236,486.04901600000005,322.579629,241.93472500000001,78.465318,43.591843,26.155106,0.0,0.0
2019-06-17,331281.866661,70809.101984,47146.272081,17223.160384,11966.519817,21596.502965,13344.827054,11807.572091,9023.709914,8944.235688,10027.353337,7132.22767,9811.638179,8292.548642,8880.656512,9784.389843,5992.342618,6589.533413,8281.19527,5933.304854,4330.199876,4046.36411,5208.955782,4670.803,3292.496027,4804.77351,4575.434168,4082.695057,5738.025736,4541.373751,3215.292658,2920.103344,2988.223926,2488.6728789999997,3512.752607,2511.379727,2563.605571,2211.649074,1746.158221,781.116306,996.831547,953.688475,1058.140119,785.657679,556.318303,874.21448,588.1079,413.265015,470.032185,227.068687,177.11358099999998,18.165494,156.6774,38.601677,0.0,0.0
2019-06-24,316528.690338,80496.160072,47610.399367,17514.65441,13946.07611,19488.08062,13393.677282,11936.624624,8450.10512,11088.011239,11446.270225,6052.372833,14424.421898999999,9660.980406,13365.656894,9468.841392,4185.023573,7275.256368,7863.6816149999995,10493.581579,7615.502284,3048.20253,4493.246483,3042.198006,2493.801736,6206.484294,2812.031675,4451.21608,5710.125608,4297.104786,1647.190107,2099.516896,2575.861094,3634.626076,2990.1605369999997,2629.90012,3516.54077,1841.3304039999998,1579.140955,338.24438200000003,356.257406,1150.831459,282.203905,744.537952,370.267519,480.347066,632.457,312.225593,404.292105,358.258838,154.111352,24.017352000000002,52.037598,0.0,0.0,0.0
2019-07-01,364556.62523999996,127830.995316,47315.339394,21829.993363,17387.397775,16085.258094,13344.806559,13674.596833,10089.456647,10251.160391,8612.847195,6566.019467,7785.179766,5385.157195,7202.1955259999995,6185.164666,3793.652763,5244.730272,5070.260547,6197.930815,4506.425442,3889.39835,4389.403109,3323.435589,3006.41131,5202.176803,4642.59698,3783.014282,4329.828022,3687.2689170000003,2348.958266,2508.534309,2710.663824,3665.99196,1908.528626,1906.4009389999999,2931.942568,2540.449454,1068.095166,591.494933,731.92179,680.857488,417.02521,378.726975,876.6039989999999,912.774571,793.6245,376.599292,608.516347,493.62168,42.553591999999995,34.042873,0.0,17.021436,0.0,0.0
2019-07-08,365368.660982,89722.00556,44030.342097,21642.620897999997,14733.096347,15688.300205,12363.498127,13175.74646,9697.158801,8839.42476,7253.916604,6413.510477,7840.901199,5202.719499,7256.082595,6378.8546590000005,3513.243578,5910.999853,5644.582372,6357.19471,5129.075688,5811.36415,3077.878568,2930.590946,2859.113059,5930.493621,5081.423882,4020.086293,3242.4941400000002,3558.729378,3012.898783,2391.2582230000003,2878.607105,3430.935728,2752.979378,2302.452472,1630.993995,2200.650677,1390.5686799999999,818.746053,807.9160449999999,576.154624,662.794423,426.700988,762.430177,645.46645,662.7944,350.891167,229.595447,348.725171,43.319898,127.793695,0.0,34.65592,0.0,0.0
2019-07-15,369512.816155,74778.22780400001,43067.600142,20449.220318000003,15801.973715999999,14986.31597,13637.258534,12263.753818,8792.20901,10819.128861,9014.459114,6374.129254,5840.729431,5080.63443,7180.896814,6918.641753,3736.022141,5894.069375,5420.676907,7227.56921,3938.2695320000003,5151.75445,2902.584706,3007.0421920000003,2855.912249,5522.911936,4562.791999,3989.387217,3251.517111,3647.122133,2573.654754,2449.19477,2460.307276,2649.219725,2406.967251,1918.017374,2115.819771,1757.997303,1715.769849,657.859954,506.729958,642.3024379999999,508.952445,297.814977,622.299942,1017.9049110000001,528.95496,431.164962,168.909985,257.809983,306.704967,71.11999399999999,0.0,17.779999,26.669998,0.0
2019-07-22,380953.92194000003,74005.324363,44849.921484,25372.086305,26833.150469,14199.369673000001,12492.900325,15987.640174,11972.55241,11577.178513,9725.284548,7489.378153,6796.337967,4592.2429600000005,7891.568446,6280.534123,4610.42108,6194.188188,6462.315174,8216.501958,5151.219659,6630.46274,3653.7984650000003,3206.162718,3192.529113,5401.168515,4533.164036,5171.669865,4817.19701,4471.813213,3233.42985,2190.461298,2865.323331,3156.172921,2388.148146,2179.100014,2010.952486,1947.3291590000001,1161.126271,1258.833546,284.032845,527.1649630000001,495.353271,554.432106,938.444523,704.4014510000001,827.10364,311.300002,440.818965,254.493428,343.11165900000003,149.96934000000002,9.089051,0.0,18.178102,0.0
2019-07-29,376190.77424400003,44990.150198999996,39223.740594999996,21207.007224,19727.401239,12205.734258,15152.784252,15633.149429000001,8956.682047,10197.118639,6763.622565,5606.286988,4750.9532659999995,5776.5431,5202.942513,5057.008766,5442.111599,6548.77561,5259.694501999999,6729.165889,3350.3949390000002,4617.18063,3005.829216,2559.920691,2178.871512,4607.046378,4369.904147,3694.960696,4088.170968,4866.484176,2928.808653,2519.383502,1408.665774,2894.3520829999998,2274.133862,1396.5045949999999,2107.9315039999997,1769.4463309999999,802.635446,956.676605,437.801157,468.204013,660.755457,474.284593,806.689156,666.836037,640.4869,184.444006,601.976583,409.42516,397.264006,28.376001,8.107429,0.0,0.0,0.0
2019-08-05,343405.877311,28728.763691,39029.405672,16760.40074,17905.627651,11831.874983,12478.064194,12815.020721,11518.37694,11714.579941,7097.418763000001,6340.3322880000005,5128.994076,6421.3725349999995,5947.927019,5483.012019,5133.259302,6150.527564,6231.567792,7466.365055,2371.493328,3727.8511,2469.594686,3651.0760760000003,4412.42766,5011.698993,3021.947945,4495.600688,2776.69452,4293.000013,2693.5216689999997,2458.931454,1576.019384,3132.845072,2738.306977,1627.202706,2563.430636,1443.795867,671.780929,1143.093894,550.220579,654.719823,522.496276,870.116262,597.138612,690.97469,701.6379,405.2012,902.1057999999999,545.955295,309.23249799999996,59.71386,8.530552,0.0,0.0,0.0
2019-08-12,301885.869881,28081.381174,28202.574121,10880.874637,13992.213878,9069.598794,7776.145328,8963.831119999999,8086.838712,11912.111707,6870.5075910000005,5759.944375,4252.751635,5469.08263,4713.282779,4592.090425,5048.214435,3565.2602070000003,6368.109853,6506.930422,1998.572929,3604.92334,2344.522164,3975.110885,3492.5447830000003,5667.397499,3137.781517,5204.662924,2036.0324170000001,2769.797357,2280.62069,1674.658698,1648.216686,1835.5140370000001,1238.365999,1110.563115,2948.280685,1132.598093,1002.591715,1181.07509,1029.033664,758.0034079999999,438.496151,572.909554,683.084469,883.6028,791.05585,504.60110199999997,533.246597,282.047782,132.209901,61.697951,26.441978,0.0,0.0,0.0
2019-08-19,296470.080154,27881.197495,22419.723704,11728.555124499999,14901.476798,7961.555962,8143.830178,8317.103292,5772.01552,13256.508103,6755.395973000001,6982.6760460000005,3992.02944,5564.9880785000005,4048.2868785,4043.786334,3989.779152,2504.5821955,5105.92722,7477.741736,2020.7680045,4554.60415,2376.315204,3220.177113,2808.372484,5342.208506,3319.190287,6249.078898,1397.435368,2446.074418,981.130117,1863.247114,1152.152832,1476.1957774999998,886.617579,553.573425,2191.790732,1010.384013,1055.38999,1091.394759,821.358919,884.3672899999999,351.0465645,751.599692,353.296856,785.354152,418.5555,614.331487,607.580604,254.28373,195.775968,36.004776,47.256268,0.0,0.0,0.0
2019-08-26,312153.566565,52112.361204,21476.850345,12978.869725999999,12604.043157,7066.820751,8361.678832,6949.4505,6050.243570000001,10052.188054,4164.748262,4263.187862,3375.339224,4321.872993,2400.4095150000003,3129.240432,2996.7257449999997,2758.199264,2724.124081,6676.848733,1762.44579,3191.71175,1546.6360750000001,2498.848989,2180.813609,3085.6998949999997,3341.264053,2765.7714189999997,1427.3728575,1938.5010539999998,1472.806453,1514.453922,950.319838,1003.325744,897.313932,957.892136,641.749858,821.591273,586.85091,1024.149484,265.02944,414.58177,655.0013289999999,514.914344,263.136375,611.4607659999999,424.0471,297.211593,501.662853,274.494783,100.33258000000001,30.289078,0.0,0.0,0.0,0.0
2019-09-02,278696.080492,30588.016108,23804.865106,11426.746846,9814.358993,9198.644678,7674.803792,7773.647639,5059.563585,8140.193102,4775.387837,3737.528504,4054.652345,3776.654204,3035.326246,3935.21614,2722.321117,4225.569497,3288.613326,4019.645107,2094.251564,3344.2129800000002,2353.716366,2170.443616,1993.34864,2324.88688,3183.5918380000003,2440.204593,1867.734705,2318.709216,1525.9001,1418.819426,1606.210638,1276.73154,1684.461943,1359.101331,1229.368893,1144.9398899999999,821.638506,648.6619820000001,667.195198,671.3137019999999,420.085867,465.38924000000003,455.093007,473.626205,350.07156,453.03376000000003,399.49342,500.396386,234.753861,49.421866,16.473955,0.0,0.0,0.0
2019-09-09,263065.871961,25869.145708,25247.922908,10972.762337,9917.97937,9439.120755,7366.224249,9697.963019,5480.9887100000005,8125.495471,5381.765674,4467.189021,5308.4269505,3902.049787,4702.304284,4141.4790075,3116.894343,4393.85034,3947.347117,3727.331154,2892.564243,3332.5964,3030.613539,2377.036369,2133.293098,3289.455906,2920.6055515,2743.729832,1755.814531,2685.4901959999997,1962.8884695,2254.086203,1423.633405,1708.36008,1449.517631,1367.550868,1460.30275,1026.7416625,804.568575,1212.2454,964.188068,698.874587,446.503195,276.0985995,485.329582,569.453354,235.11522,556.51123,437.87514,418.461939,204.91693,69.024649,8.628081,0.0,0.0,0.0
2019-09-16,281553.963033,26098.355633000003,22563.689982,9789.679371,10733.74826,9469.7701,8051.429733,8959.704655,5246.069168,6973.133102,5476.493536,4599.538625,5572.690097,3727.0581110000003,3785.223444,4892.60267,3420.571356,4427.279739,3561.510529,4002.225045,3071.579085,3827.72906,3073.816203,2257.263881,2071.582092,3308.714898,2874.711671,3621.912903,2040.262293,2355.69753,1557.042287,1769.569593,1843.3948970000001,1619.6819050000001,1812.075005,1145.410406,1250.555494,941.831608,1044.739578,1170.018816,843.397906,496.642799,525.7254859999999,543.622523,201.341672,521.2512310000001,422.8175,798.655302,234.898624,351.22936699999997,192.39315200000001,80.53667,17.897038,0.0,0.0,0.0
2019-09-23,286993.148549,27381.317854,24317.155645,10479.387686,11285.494804,10857.325564,8199.804129,7582.666183,5709.723559,8247.644537,4568.735735,4975.377215,6374.702079,4195.58234,4779.232445,5444.210703,2901.505974,3855.917305,3523.428124,3812.86109,3463.627976,3432.53194,2229.351657,1820.318249,2214.99959,2796.25766,2686.2252869999998,3537.78023,1636.133661,2018.854926,2030.81499,1877.726465,1645.7016780000001,1413.6768650000001,2248.487696,796.5387479999999,1155.3399490000002,1021.387532,1210.356176,650.626243,1078.795722,535.809849,598.0020489999999,191.36066399999999,313.353082,748.698577,279.86496,521.457806,363.585246,234.41681,203.320699,57.408197,0.0,9.568033,0.0,0.0
2019-09-30,239682.291049,35471.390106,21047.985178,8623.739343,7733.587674,7089.648213,5625.001309,6654.041929999999,5456.651133,6593.014989,3855.219785,3406.987356,4665.405185,2588.384463,3278.620357,3160.775232,2910.354212,3257.576568,2718.855848,3013.468709,3425.926755,3356.48226,2253.788475,1492.003726,2384.259863,2417.929878,2944.024291,1917.088033,1780.303443,2104.377643,1883.418025,1744.529027,1483.586196,1489.899331,989.0574889999999,894.3604829999999,837.542289,1197.390887,433.501791,715.488396,784.9328449999999,422.979901,467.171841,462.963073,359.848575,412.458011,313.55228,349.326692,159.932693,296.717243,25.252533,33.670042,21.043776,0.0,0.0,0.0
2019-10-07,257735.122104,62573.738954,21910.707803,10430.491247,8789.145163,7776.2523949999995,8162.993209,8839.789633999999,5540.982721,6629.842321,4364.646214,4155.161537,4564.922596,3609.580783,3342.5454799999998,4488.9557079999995,3017.959446,4021.643886,3358.659627,2412.525939,4097.61086,5644.57391,3899.636413,1903.777658,2140.886622,2525.3253839999998,2838.401171,2237.571739,3052.489848,2635.8226839999998,2028.087163,1650.554477,1385.821213,2472.378707,1404.2373890000001,1314.458308,1139.504112,1650.554496,547.882806,639.963942,755.065371,559.3929489999999,283.149515,713.628867,170.35012,407.45905,368.32455,253.223145,200.276483,317.67995199999996,36.83246,0.0,9.208115,0.0,0.0,9.208115
2019-10-14,254480.73454799998,29407.989929,19096.409532,11248.33981,9593.959353,8177.983167,12069.508795,7079.879499,10280.273736,6460.992155,4373.149995,3816.873747,3840.954977,3696.467671,4055.277838,3999.89109,6253.893526,3349.698074,4108.256628,3364.146809,3022.193425,3371.37118,4442.985546,2251.5943,2169.718194,2408.1222470000002,1666.420577,2191.391297,2846.400546,2417.754838,1493.035824,1440.057135,1408.751514,1712.174918,2343.102953,1314.834765,1524.341418,1273.8967109999999,785.047856,1011.411351,968.065158,780.2316109999999,380.48332800000003,211.914759,209.506632,329.912755,604.43866,240.81222200000002,267.301568,414.19703,86.692402,38.529956,0.0,0.0,0.0,0.0
2019-10-21,247135.552082,20811.07002,20253.788294,12835.131884,8044.022061,8508.00331,6752.944018,7625.430264,6354.525224,6145.229377000001,4425.472853,4107.746651,4329.650756,4203.5688150000005,5736.724061,4221.22025,3116.7433579999997,5055.882234,3933.753648,3444.556095,2831.798315,3497.51056,3013.356173,2930.142153,2332.514211,2536.766795,1797.92714,3038.572546,2872.1445590000003,3141.959664,2226.605437,1666.80203,1490.287445,1500.373985,1689.496785,1071.695703,1164.996282,1328.902673,779.185821,854.834938,708.5799930000001,660.668887,511.8923,368.158995,297.55316400000004,226.947332,557.2818,254.685333,300.074794,557.281767,60.519286,151.29821900000002,10.086548,20.173096,65.56256,0.0
2019-10-28,218965.215356,16645.7785,16018.764746,6974.698504,7342.487656,5665.281002000001,3859.569611,5649.771868,3691.184202,4010.2301469999998,3476.27132,3150.578539,2632.1289930000003,1838.945323,3112.913467,2654.284941,3431.959369,2359.610551,2304.220644,2911.294142,1876.610464,2375.11974,1847.807679,2107.032547,2275.417837,2248.830754,1593.014062,2403.92249,1519.899383,1424.628704,1996.252707,1005.880933,1143.247927,771.027669,1191.991051,744.440516,1083.426809,669.110221,427.61017300000003,675.757028,496.293662,505.15607900000003,416.532192,292.45877,250.36243199999998,152.876172,383.29825,241.500047,425.394577,186.110128,44.311935,35.449547,17.724773,17.724773,0.0,0.0
2019-11-04,256721.7846515,26490.183185,18342.175403,9040.627973,10045.3962565,7584.9725165,6099.5628845,7651.3466085,5177.1899835,4822.4312145,4005.3415425,4046.53915,3648.2939655,3112.7225425,3064.658463,3971.0100435,2725.9210255,3323.2890505,2643.525417,5371.7351455,2254.4350745,2357.429624,1959.184232,1970.6280164999998,2652.6804764999997,2336.8306775,1881.3661335,3046.34826,1485.4094985,1707.419863,1650.2007145,1142.094513,1300.0194155,1213.046283,1153.5383395,1551.7837725000002,1082.5865880000001,1242.8002335,780.469416,839.9773595,876.597619,682.052453,835.399802,256.3418605,528.7050849999999,311.27225599999997,627.1221,217.432827,382.22402,205.9889945,100.70572950000002,114.4383315,20.5989,36.620266,0.0,0.0
2019-11-11,234383.93157900003,21009.794368,19069.66385,8454.612684,9006.566612,6777.429646,5874.877839,8284.051403,4827.822976,4924.9479599999995,4401.420502,3830.515069,3548.615765,2837.945019,3527.295563,3167.222461,2828.469372,3496.499891,3160.115733,3337.783409,2745.557795,2293.097458,1786.152377,1355.012176,1596.640222,2262.301739,1838.2682100000002,2499.191945,1587.164544,1783.783485,1418.97253,916.765194,1203.402404,1492.408477,1219.98472,1016.259106,1044.685948,1051.792649,855.173748,632.4969189999999,926.240802,705.932918,236.89024799999999,350.597555,405.082307,310.326201,653.817,345.85974699999997,336.38414,260.579265,47.37805,28.42683,28.426828,18.95122,0.0,0.0
2019-11-18,227066.556113,17510.345126,19010.585783,9406.030593,8579.265002,7352.937687000001,7312.730377,6908.142737,4935.464498,4907.821976,5136.501928,4417.793691,3890.0709429999997,3146.23308,3269.368411,3573.43726,3158.797936,2920.066197,2801.956771,2691.386281,2812.008632,2090.78746,2198.8450080000002,1809.335294,2736.619693,2394.856332,1917.392842,3166.336862,2359.674811,2407.4211330000003,1645.992547,1394.695997,1678.661116,871.999099,655.884036,1274.073603,811.687935,934.823243,1236.379126,432.230098,625.728478,708.656346,216.115051,618.189563,510.132044,228.67988300000002,552.8525,326.685547,404.587478,319.146641,160.82980700000002,50.259313000000006,115.59642,22.616692,0.0,0.0
2019-11-25,338192.66238,45178.58088,24922.319871,17718.895932,12720.510001,7407.760441,12879.937513,7643.533389,16807.240562,4659.321872,3493.930053,7194.4420820000005,5220.6859540000005,3112.202453,2705.774832,2180.338083,3572.521004,2755.174855,2831.520384,2041.119777,2678.829369,3231.21143,1935.583296,1594.273983,3332.2571279999997,2512.665587,3231.211619,2638.411189,1834.537803,3383.902723,1578.555795,1643.674018,1365.237437,1160.900906,1329.310138,1358.501062,1107.00997,588.309559,1210.300936,556.873166,613.009576,282.92749299999997,318.854791,871.237041,199.84560900000002,442.354909,732.01874,312.11843200000004,343.554826,206.581982,71.854601,35.9273,38.172756,0.0,0.0,0.0
2019-12-02,210007.14743699998,15880.516237,15333.472763,6991.043593,7667.895152,6462.542951,7514.908482,4990.622301,4183.963446,3507.111653,3678.6426,3467.70593,2969.339133,2589.189512,2220.629888,2572.963663,2983.247037,2341.165079,2046.781005,1826.572362,1903.065907,2202.08599,1509.00841,1587.819893,1965.651525,2225.26587,1757.032859,1998.1033129999998,1281.845851,1580.86601,1671.267364,1031.50345,769.571108,1175.218514,1309.661665,1260.98397,686.1236329999999,662.943796,1077.86317,412.601387,159.94098,382.46756899999997,157.622996,166.894942,352.333755,389.42153599999995,303.65607,507.638757,74.175529,169.212922,118.217246,18.543882,9.271941,0.0,0.0,0.0
2019-12-09,211544.274596,19141.042336000002,17232.127336,7741.708483,9465.598282,7186.6342030000005,5489.82136,4934.746957,3371.061753,4217.211676,3973.520571,4623.363738,2897.217655,3032.601707,2712.192895,2775.372055,3684.7012600000003,3154.447292,1996.914054,2551.988445,2195.477257,2157.1185,1649.428459,1814.1456560000001,2209.015633,1983.375669,1362.8656130000002,2181.93887,1265.84041,1699.069216,1344.814463,1292.917232,1426.044845,1708.094851,1055.995215,1272.609628,834.86802,812.3040070000001,1103.379625,467.074808,383.588005,518.9720110000001,171.486404,347.48561,288.819207,512.202802,306.87042,363.280406,153.4352,273.024404,117.3328,63.179203,0.0,0.0,0.0,0.0
2019-12-16,226581.413179,23764.686926000002,18979.564806,7992.336989,10104.405682,8155.491317,6740.740455,7172.094139,5565.133799,5656.768588,4110.153101,5055.555353,3462.004923,3397.190152,3242.97559,3204.9806829999998,2916.666548,2950.1914340000003,2706.5771489999997,2261.813462,2833.971768,3457.53491,2156.768752,2348.978167,3039.591178,1859.514638,1801.404744,2545.657579,2170.17867,1289.591261,1553.32049,1077.266866,1229.246422,1361.111056,1289.59123,1054.916937,1159.9616290000001,681.673027,826.947589,1003.512102,775.542744,531.928478,440.293723,672.733037,411.238805,451.468691,742.0178,254.789266,78.224773,160.91953,44.699869,8.939974,0.0,0.0,0.0,0.0
2019-12-23,347059.672343,45160.792539,43712.124084,15802.695682,21923.719126,13542.135304,15226.942466999999,17904.062154,11798.956824,13483.764046,7882.775086000001,8238.309085,7978.291731,8113.606842,8097.687603,4919.10642,8734.465023,7943.7995,5232.188672,7758.0728260000005,4491.934783,4659.088845,3650.857776,5980.402168,4722.766734,3852.50403,5853.046876,6556.15523,3380.227337,4316.820961,11459.342279,1899.719635,2146.470906,2987.547933,3282.057518,1963.39738,2610.78783,1711.339579,1193.957862,1026.803764,1623.782685,1013.5375640000001,1040.0699670000001,1286.821268,878.222351,459.01045799999997,1278.8616,329.001726,371.45357700000005,294.509608,217.565654,53.064793,21.225918,0.0,10.612959,0.0
2019-12-30,313463.715666,33692.876788,30006.822337999998,12980.324497,15533.26726,9895.232472,12909.218399,14207.480275,8413.470766,8853.870443,6773.440243,7310.1775609999995,4979.728639,5181.578539,5738.959663000001,3663.116889,5394.897174,5773.36584,3704.404304,3541.5481879999998,3497.966947,4128.74783,3009.398501,4096.635347,4126.454205,3277.7670829999997,4144.804121,4569.147717,2314.392559,2704.329751,2741.029884,1919.86774,2126.305141,1901.517775,2374.030037,1972.624003,1243.211872,1518.46173,1121.643183,756.937102,857.862076,619.312175,692.712147,633.074676,403.699796,415.168534,1151.4619,328.006079,277.54362000000003,307.362339,41.28748,383.056043,64.22497,0.0,0.0,0.0
2020-01-06,241084.680525,18898.107786,19921.308888,8987.24401,8646.176661,7169.87879,7939.14697,7391.44801,5506.865276,6256.217203,3988.245031,4038.03582,3607.345246,3368.3493519999997,4259.605082,2280.419769,5120.986211,3365.859797,2927.70053,2982.47037,2835.587477,3283.70508,2815.67114,2855.5038,2833.0979899999998,2800.733875,2449.708598,3256.3199750000003,1346.841818,2198.264972,2509.45757,1384.184921,1214.896132,1321.946394,1481.2770679999999,1045.607315,926.10934,619.89577,731.92512,634.833005,993.326955,622.38531,306.213576,311.19265,487.95007699999996,664.7075199999999,453.0965,370.941645,398.3266,532.76182,79.66532,248.95412499999998,19.91633,0.0,29.874495,0.0
2020-01-13,247819.131843,22684.787293,20652.64021,9774.378602,9315.264121,7646.895891,8050.816466,6801.42219,6543.0132969999995,6803.930897,5873.157124,4342.774545,3720.586223,4530.936324,3911.2567950000002,3083.344872,4907.259951,3213.803699,3038.185974,3745.674452,3369.350751,3018.1153099999997,3141.047803,2451.121146,2767.23297,3238.891912,2385.891751,3243.909556,1884.12692,2012.076989,2546.456453,1239.359131,1700.982757,1593.103311,1317.132697,782.753124,1194.200285,1071.267895,592.082496,772.717836,1414.976839,652.294278,318.620653,511.800121,436.53540399999997,464.13248,185.65298,178.126512,745.12076,411.44716,70.247075,308.585363,50.176483,10.035296,0.0,0.0
2020-01-20,243603.28178299998,18281.99139,19071.781574,9896.502575999999,10257.11376,8931.48533,7776.004726,7080.176799,6272.60991,5226.3284189999995,5360.922817,4830.163571,4416.222128,4014.978242,2961.078211,3692.459411,3692.459413,3263.280894,2729.9820799999998,3870.22569,3184.555797,2729.98202,2864.576497,2785.85144,2216.999388,3060.119433,2318.580061,2902.66925,2059.549241,1731.9512909999999,2328.7381880000003,1455.14391,1775.123192,1632.910183,1267.219554,1264.68005,1467.8415009999999,1175.796902,708.525575,1503.3947699999999,949.7797969999999,594.247255,419.020492,335.216394,606.944846,241.254232,96.50169,365.690626,553.61497,294.58411500000005,203.161462,157.450123,10.158072,0.0,10.158072,0.0
2020-01-27,211575.426828,15295.196275999999,15333.334159,6932.522772,9659.343647,6989.729059,5496.01609,6214.269437999999,4254.433478,3731.10421,4834.968643,4237.483514,3286.168447,2538.252596,3055.225595,2726.820651,3692.966858,2436.55299,2699.276941,2580.627431,2125.097968,2103.9106,2404.771869,2904.794881,1542.444008,1633.5498639999998,1622.956187,2271.291169,1440.744381,1716.180857,1976.786033,974.621203,1355.994696,1385.657112,1341.163512,1089.033253,1152.595497,951.315049,500.023056,879.277828,548.754105,817.834314,447.054505,137.718214,377.136032,144.074436,311.45505,216.111655,334.76119600000004,150.43066199999998,50.849803,351.711125,59.324768,0.0,0.0,0.0
2020-02-03,235076.233288,16476.592309,18604.558475,6821.148327,10740.729626999999,8307.808491,6249.3555989999995,7466.937141,5697.7440639999995,4715.606372,4255.930073,4516.03959,3350.031322,3592.2022309999998,3392.635486,3067.498584,5103.528326,3184.099345,2807.389035,3572.021293,2787.208093,2338.74348,2311.835536,2571.945038,1872.34013,2657.153366,1370.059705,1858.886178,1605.503586,1551.687894,1262.428122,1287.0937,1639.138505,1484.418138,1374.544322,955.229802,1148.069658,571.792493,739.96676,757.905349,513.492078,681.666335,580.761793,199.566791,625.608262,215.263054,405.86057,188.355175,125.570115,147.993348,71.75435300000001,239.92861,73.99667,0.0,8.969294,0.0
2020-02-10,275803.07818,22280.808568,19098.778688,8820.403243,13335.059608,7536.155806,8402.582906,8800.61153,6918.221905,6405.842528,6117.766537,3835.149031,5029.235071,4226.580537,3698.8077869999997,4156.210744,4932.476719,4268.362575,3947.300804,3795.566108,2458.5416649999997,2337.5936500000003,2469.536947,2929.139074,1818.617122,2546.503806,1772.436977,3283.186683,1906.579262,3041.290816,1389.801711,1860.399133,1427.185614,1409.5932149999999,1746.048319,1985.745166,1512.9487,1288.645261,815.848794,727.886668,448.606877,587.147242,716.891383,422.218247,1066.54089,391.43150299999996,409.02393,611.336822,105.554562,244.09491599999998,195.715746,197.914796,76.966866,0.0,50.578228,0.0
2020-02-17,266869.186311,24353.66677,18723.506177,9418.10043,15581.839512999999,9374.402504,6481.12527,8321.047274999999,6292.533095,9068.515554,4452.611255,3856.936475,5280.576153,4742.398776,5117.283038,3429.1546120000003,4574.506103,3817.838079,2946.175101,4586.005466,2902.476956,2470.09534,2628.788498,3332.558703,2263.104108,2999.072866,1435.1391840000001,5535.865326,2168.808063,2288.4029539999997,1984.8158760000001,2428.697036,1833.022267,1688.12845,1899.719413,1117.7526129999999,1511.035952,1071.754572,1230.447826,637.073005,450.78089,1432.83929,689.9707460000001,312.786741,459.9805,379.48391,515.17816,853.2638400000001,229.99025,137.99415000000002,328.88604999999995,101.19570999999999,137.99416,0.0,0.0,0.0
2020-02-24,220004.19482499998,20383.57534,17799.299814,8545.25308,8670.703185,7853.18585,6452.324576,6331.056086,5618.0802699999995,4045.770624,4432.575592,3888.957852,3642.238999,4714.838628,4735.746982,3617.148927,4873.742244,3194.799787,3307.704951,3757.235031,2688.8170569999997,1605.7631999999999,2822.630659,2548.730916,2636.546157,2609.365252,2055.293279,2262.28621,1998.8406260000002,2412.82651,1543.0380790000002,2601.001894,1244.048325,1601.5815440000001,1252.41167,1327.6818150000001,1338.13602,940.87688,951.331077,790.336579,505.982691,1568.128144,280.17223,131.72276200000002,359.624047,430.71251,169.35783,401.440797,183.9937,257.173015,562.4353,50.1801,91.99685,0.0,0.0,16.7267
2020-03-02,207011.80745000002,30141.8348785,22060.0442565,8708.656965,7859.775232,8695.597116,5500.318988,7150.196935,5593.913733,3410.763654,5530.791558,4412.008971,3423.8233105,5130.2934510000005,3062.504401,3236.634016,6192.484100000001,3066.8576775,3127.803008,2857.9021430000003,2716.421796,2344.219824,2313.7471060000003,3286.696275,1649.8780325,2738.188016,1536.6937580000001,2485.700135,1795.711554,3108.213475,1242.85005,1266.792874,1031.717895,955.5361945,1765.238908,1042.600995,692.165162,846.70519,1225.437096,620.336715,428.794147,402.6747035,544.155014,121.89072200000001,243.781442,346.08258,293.84372,520.212184,215.48539,115.36086,243.781442,189.36594,80.53494,8.70648,52.23888,17.41296
2020-03-09,182284.14166,66176.136645,37272.084426,7001.666313,7044.761003,7488.385855,6760.841266,6352.706605,5123.232024,4134.582721,4514.832495,2907.643406,3432.388085,2448.808645,2595.838587,3498.298057,8350.285188,3698.562977,2360.083724,1794.77897,3067.348278,2441.20364,2441.203629,2831.593449,1774.499055,2043.208868,2015.323894,2666.818541,2839.198423,4241.052664,2702.308493,1226.93933,1531.139152,1201.589315,1929.133936,458.834753,742.754581,648.959643,2164.888793,970.904464,973.43947,390.38978,562.769699,436.019758,661.634635,395.459785,468.97473,174.914907,347.2948,149.56492500000002,78.584957,182.519905,93.794945,0.0,0.0,81.11996
2020-03-16,192215.43414,27302.548755,14075.574274,5269.447888000001,5711.532735,6737.982533,7215.637284,4237.91659,3628.144374,3267.3625270000002,2972.639377,3501.10857,2073.2254,1148.4042319999999,1788.6650379999999,3099.6751639999998,3160.652405,2942.15068,1565.081913,696.156572,1880.130884,2611.85753,1595.570509,1514.267569,1539.674736,929.902559,1793.746542,1717.52496,2779.544838,5177.981994,2916.743564,919.739693,1260.19582,1041.69415,721.563744,503.06203700000003,284.560341,929.9025369999999,884.169671,767.296652,680.912275,370.944727,294.723212,940.065456,304.886089,274.39748599999996,386.18906,269.316045,0.0,376.026164,142.280173,0.0,40.651478,0.0,0.0,86.38439
2020-03-23,176923.831584,11931.732842,7821.0665500000005,4790.482244,4383.863558,3951.830558,3221.186648,3373.66878,2306.293468,3335.548288,2922.575696,2274.526256,1639.1837600000001,1054.66862,1067.375472,2725.61947,584.515138,1670.950874,1092.789164,609.92885,1080.082318,1092.789178,1524.822092,520.980894,1340.572736,1207.150796,565.45486,1645.537206,1010.194618,3538.858026,978.427502,838.652138,1111.849432,1226.211104,254.13701200000003,260.490444,374.852102,501.92059400000005,622.63569,203.309616,298.61098400000003,228.72332,101.654808,133.421932,127.068512,317.671274,343.08496,254.137018,76.241106,330.378114,76.241106,25.413702,222.36989,0.0,0.0,50.827404
2020-03-30,152210.07955999998,8029.17649,5590.080784,4452.22512,3150.9850500000002,3343.545238,1978.11837,2083.15123,1382.9323,2514.95291,933.6252,1954.777717,1120.35024,566.01027,991.9767800000001,1277.8994500000001,303.42819000000003,1312.91044,1196.20729,700.2189,1032.82288,706.0540599999999,939.4603599999999,490.15323,770.240797,326.76882,630.19701,764.4056400000001,875.27362,618.52669,513.49386,735.2298470000001,601.0212300000001,606.85638,326.76881,192.5602,280.08756,233.40630000000002,583.51575,163.38441,186.72504,210.06567,46.68126,163.38441,0.0,245.07661000000002,285.9227,46.68126,75.85705,87.527364,46.68126,0.0,23.34063,0.0,0.0,0.0
2020-04-06,148691.597066,8040.179754,5438.945142,2431.2675,3480.6293,3281.10275,1389.29578,2542.115636,1034.581986,2512.556174,1071.53132,1537.0931719999999,1426.245138,1167.5996400000001,864.614932,1293.227446,576.409934,746.37697,458.172006,532.070732,768.546602,724.207424,620.74917,266.035356,835.05544,133.017678,502.511244,894.174434,798.1060659999999,266.035358,421.222662,820.275672,591.1896879999999,561.630204,413.832788,88.67845200000001,325.154324,133.01767999999998,524.680846,88.67845200000001,266.035368,88.678454,29.559484,88.678454,59.118968,347.32395,436.0024,29.559484,0.0,199.526514,206.916394,0.0,0.0,0.0,0.0,0.0
2020-04-13,158581.05415799998,8699.885980000001,4984.94633,3246.3274499999998,3409.32286,3477.237688,2383.80941,2159.690638,1500.9170880000001,2180.06507,930.432758,1011.93051,1629.95517,1120.5942029999999,794.60315,923.64126,196.952918,998.34755,577.27579,393.90584,1188.509,448.23766,753.85428,325.99104,1236.04934,285.24216,529.73545,570.4843000000001,733.47984,217.32736,312.40808,930.43276,930.43276,325.99104,244.49328,190.16144,271.6592,196.952918,590.8587600000001,54.33184,258.076235,210.53588000000002,0.0,54.33184,27.16592,27.16592,359.94843,0.0,0.0,108.66368,149.41255999999998,54.33184,27.16592,0.0,0.0,0.0
2020-04-20,174361.347434,10314.645858,4678.935779,4191.28932,2950.569056,3333.278834,2141.9403039999997,2265.395098,1975.2762939999998,2148.1130160000002,722.21041,1277.756889,1382.693442,1228.374956,759.246832,1203.68401,512.337297,1092.574715,635.79206,296.291448,808.628742,790.1105279999999,771.592327,462.955388,1376.520704,481.47359800000004,543.201008,839.492448,975.29268,395.05525600000004,376.53705,623.446608,839.492448,246.90953800000003,271.600498,512.337286,407.40074000000004,246.909544,734.555901,209.873108,98.763818,74.07286,98.76381400000001,0.0,24.690954,203.70037000000002,271.6005,24.690954,0.0,123.454774,98.76382,24.690954,0.0,0.0,0.0,0.0
2020-04-27,175544.15563999998,9360.834907999999,4478.273002,4016.9694299999996,2762.638297,2239.136546,1637.8869,875.9585020000001,1295.796626,253.976138,782.66116,875.958502,927.790351,497.58590399999997,476.85314999999997,507.95228099999997,305.808006,523.501835,414.654928,124.39647599999999,539.051398,373.18942599999997,502.76908,518.3186519999999,777.477992,155.49559299999999,196.961086,290.25845,549.417768,207.32745999999997,248.79295399999998,362.82305599999995,445.754038,248.79295399999998,108.846916,264.342513,269.525702,305.808001,207.327462,274.70889,82.930984,20.732746,0.0,62.198237999999996,82.930984,108.84692,0.0,103.66373,0.0,88.114172,0.0,20.732746,0.0,0.0,0.0,0.0
2020-05-04,209470.86674,14406.49036,4766.167898,5885.309236,2773.3109,2125.386924,1987.9485100000002,1403.835224,1379.29263,863.8986120000001,912.983758,1546.182184,1232.037216,868.80711,481.034466,947.343388,343.596042,731.3687180000001,584.11327,269.96831199999997,579.20475,697.009086,422.132272,559.570694,613.564362,255.242764,441.76634,328.870498,908.0752620000001,368.138616,314.14495600000004,348.504554,471.217422,431.949316,206.15762400000003,323.96199,157.07248,539.936612,407.406732,255.24277600000002,98.17029600000001,19.63406,19.63406,117.804356,39.26812,176.70654000000002,19.63406,0.0,39.26812,186.52357,0.0,44.176632,0.0,0.0,0.0,0.0
2020-05-11,219611.805512,15142.365870000001,5898.973913,7538.6889550000005,3844.331305,3204.4426080000003,2984.480857,2904.494772,2039.645227,1619.718271,1484.741703,2084.637342,1579.72518,1089.810424,989.8278210000001,1189.79303,609.893885,1589.723452,764.8669490000001,354.93825400000003,1084.8112720000001,989.82787,874.847813,569.900874,1014.823449,689.880008,689.879993,299.947828,1084.811313,499.91303400000004,404.929566,599.8956440000001,299.94781900000004,504.912163,259.95477700000004,414.927809,219.961739,614.893044,444.92262,459.91999,29.994783,129.977386,139.97565500000002,159.972172,79.986088,79.986088,0.0,0.0,0.0,79.986084,0.0,19.996521,39.993042,0.0,39.993042,0.0
2020-05-18,245758.582692,23632.828084,7790.84174,10667.881683000001,4662.631428,4096.3569880000005,3475.28167,2945.540943,2424.933755,1593.788792,1785.591484,1502.454238,1794.7249379999998,817.444699,931.612935,1082.315031,1223.8836469999999,1726.223948,748.943732,315.104376,1561.821723,927.04621,968.1467739999999,790.044304,917.912768,420.13917399999997,908.779274,333.371304,1064.048137,945.31313,205.50285,726.110087,739.8102729999999,1173.649658,438.406094,621.075287,442.97282499999994,493.206855,342.504751,438.40608399999996,54.80076,73.06768,114.16825299999999,109.60152,91.3346,219.20304,0.0,0.0,54.80076,95.90133,0.0,0.0,0.0,36.53384,0.0,0.0
2020-05-25,241088.590431,29167.314085,9963.176148,11779.269516,4058.7589,3872.926043,3902.4904,3767.339178,2039.938154,1385.29961,1406.416985,1731.62453,2132.854577,1609.143742,1216.360632,1811.870521,920.71744,1909.01045,684.202865,1009.410391,1600.6968219999999,1114.99725,886.9296469999999,612.4038029999999,1119.220705,772.895818,857.365315,223.844146,1368.405684,1051.645133,439.24134200000003,591.286429,819.354051,1136.114616,532.157784,815.130562,253.408471,549.051684,527.934311,477.252611,164.715504,101.363388,257.631938,168.93897600000003,67.575592,139.37465,33.787796,0.0,118.257286,253.408466,0.0,0.0,101.36339,0.0,0.0,0.0
2020-06-01,221283.033643,27889.601982,11006.534594,8920.078318,3629.285221,4215.024262,3939.3823239999997,3146.911787,2855.9565030000003,1921.836661,2331.471197,2067.314356,2224.277109,1558.142455,807.783943,1339.925962,983.888507,2706.650405,1029.828822,807.78394,2009.888936,1156.1647189999999,1332.269245,758.015262,1194.448287,773.328697,980.060145,310.097147,1665.336552,842.2391700000001,658.477888,1114.052756,1198.276659,696.7614980000001,440.26139,960.918345,486.20170699999994,555.112179,754.1869,237.358314,45.940318,76.567198,126.33588,333.06730600000003,61.253756,164.619469,61.253757,80.395556,107.194079,574.2539780000001,126.33588,0.0,76.5672,0.0,0.0,0.0
2020-06-08,259696.542244,35043.311162000005,12838.945987,11500.523138,4918.173244,4121.492808,5056.264432999999,3611.6174180000003,3331.894143,1575.65665,1887.2471679999999,2269.653689,2542.295434,1866.002312,1359.667751,1465.891797,1426.942969,1958.063177,644.425848,736.486698,1458.810176,994.9651859999999,1033.914008,934.771558,1568.57502,506.33461,1164.923703,315.131326,1164.923623,715.241894,389.48815,1402.157363,839.169937,959.557181,520.497798,771.8947009999999,155.795259,616.0994519999999,552.36503,825.006732,70.816025,138.091256,371.784148,106.22404399999999,184.121672,269.10092,28.326412,70.816025,56.652824,113.305646,53.112022,14.163206,14.163206,0.0,0.0,0.0
2020-06-15,274815.848328,43616.190029,15037.147072,15918.780563999999,5490.815539,4767.875912,6573.462064,4817.247424,4122.519872,1407.087636,2634.321986,4210.683266,2824.754909,1601.047046,2352.199098,1516.410236,1904.329126,2048.917092,1050.907563,1033.274866,1840.851488,948.638054,1509.357176,490.188424,1854.9576339999999,835.7889,1812.6392230000001,366.759686,1325.977339,1170.809762,419.657718,2070.076298,941.58496,987.42991,789.943912,1068.540229,363.233146,634.776362,744.0989900000001,454.923074,193.95944,141.061418,236.27787,342.073942,239.804414,377.339284,239.80441,28.212284,88.163382,109.322596,28.212284,56.424568,14.106142,0.0,0.0,0.0
2020-06-22,292947.576108,58644.271724,16711.016513,16779.46182,7710.407635,7001.994618,6403.094764,5037.603249,4534.527344,2173.150843,3045.833442,3391.484228,3425.707048,2169.728569,2416.13306,2395.59935,1382.6030289999999,2950.009476,1683.764126,1125.931685,2857.607782,900.060889,1854.878337,1040.374576,2094.438283,1307.3127769999999,2327.153645,479.119866,1971.2360210000002,1451.048718,1553.717279,1536.605826,1153.309965,1611.896115,739.2135040000001,1211.488824,568.099283,718.679806,882.949467,527.0318540000001,205.337078,273.782781,164.269672,284.049636,140.313671,311.42791700000004,136.89139,99.246259,164.26967,345.65076,116.35768300000001,0.0,82.134834,0.0,0.0,0.0
2020-06-29,286752.716677,108784.27452400001,21390.322311,17106.068465,6099.731818,5167.923828,8145.58316,5810.905688,6044.717374,3503.7354840000003,2846.999938,3476.2282569999998,4201.731796,2620.065218,2874.507225,2004.590577,2097.427469,3005.166624,2076.797105,832.09419,2458.460067,1227.5108480000001,1932.384013,1186.249977,1444.130419,1873.9311389999998,2259.032583,838.971006,2162.757218,1963.329745,838.971005,1251.579677,1265.333324,1581.666662,1127.797084,1533.5289639999999,625.789842,1351.293458,1045.275342,842.409407,350.717379,330.08694099999997,426.362316,27.507246,113.46739,251.00362299999998,233.81158,147.851442,0.0,264.757241,96.27536,41.260869,120.3442,0.0,0.0,0.0
2020-07-06,290427.41315700003,83720.602786,20137.80535,15557.865032,7310.490022,6725.372257,8473.759945,5840.729765,4907.327502,3496.775651,3169.388181,3120.628438,3876.405655,2493.716474,3437.5672440000003,2532.0277889999998,1682.213763,2420.576731,1957.358429,1180.684166,2521.579252,1302.583646,1793.664794,828.916929,1253.823924,1205.064131,1755.353497,1417.517614,1783.216242,1919.047239,884.642414,1313.032256,1511.554421,1539.417166,1104.061627,727.91443,501.52957699999996,1253.823899,1142.372918,578.152139,97.519632,174.14221,682.6374959999999,139.313762,167.17651700000002,174.142213,212.45349,132.34807999999998,55.725505,243.79909999999998,101.00247900000001,13.931376,839.3655,0.0,0.0,0.0
2020-07-13,301386.760175,81176.1177115,20947.7715185,14804.1654115,7767.898524,7561.3614235,8566.0423225,5019.9038135,5800.5443565000005,3147.0666155,2853.013697,2982.53705,4263.7676845,2558.960763,3437.618917,2807.5054945,2054.869949,2586.9657795,2082.875049,1249.7250125,2222.900201,1039.687203,1921.84606,1284.731299,1809.8258745,1246.2243905,1802.824633,1032.685937,2159.8888985,1746.814501,745.6342605,1627.7930975000002,1620.7918205,1060.690983,1183.2130135,1127.202945,710.627935,945.170174,1424.756512,357.0642835,84.0151295,231.041598,367.566172,154.02772950000002,227.540974,119.02143050000001,392.0706,112.0201725,56.0100865,245.04412250000001,63.0113445,42.0075645,325.55862,28.005043,0.0,0.0
2020-07-20,312631.574056,80953.682225,21166.613999,14654.605013,8187.411805,6949.819866,8035.729008,5312.337421,5667.412529,2568.261761,4219.533472,2754.4177,2926.784217,2923.33695,2792.338346,3523.172517,2840.600954,2930.231599,2106.319395,1141.066652,2192.502691,1282.407222,1509.931087,1344.459182,2988.836291,1551.299075,2071.846022,985.9367460000001,1709.876309,1530.615074,954.910763,1258.275931,2171.81868,1075.56736,913.542791,1709.876322,527.441695,1451.326447,1341.011857,672.229594,137.893248,303.36515099999997,424.021739,186.155885,110.31459799999999,206.839878,130.99858,27.57865,110.3146,155.129908,55.1573,137.893249,165.4719,31.025982,0.0,0.0
2020-07-27,328154.699636,67929.47268600001,16501.696084,16317.78662,6132.545352,6135.889,6085.731739,4838.491215,5075.901565,1728.749115,2959.270744,2370.7604,2568.045121,3136.4926259999997,3123.117355,2303.8842250000002,2471.074694,3370.5591950000003,1253.928293,866.04647,2267.102339,1123.519712,2012.97286,1464.588219,1594.99678,1237.209238,1865.845287,628.636045,1839.094793,936.266463,983.079762,782.451233,1347.55492,618.604625,1063.331181,1146.926411,698.85603,1090.081668,882.765509,431.351325,374.506575,123.720925,300.942786,531.665589,337.724694,53.50094,83.595215,190.59709700000002,407.94467,53.50094,60.188559,53.500941,96.97045,26.75047,0.0,0.0
2020-08-03,333225.825146,49061.853906,16981.309635,15800.913407,8964.452954,6482.342094,6341.350214,5656.064848,4947.827162,1888.633851,3826.450789,4105.155445,2836.229625,3019.846754,2728.0266030000003,2616.544745,3144.444111,3128.049793,1800.104106,1088.587549,1796.825229,1055.798726,1318.109015,2118.155295,2400.138803,1468.93742,1764.036432,570.5247919999999,2318.1668680000002,1304.993523,1223.021561,1393.523209,927.922502,1114.818555,590.198072,947.595786,1078.750894,1367.29221,685.285545,731.189831,291.82014599999997,163.94391,186.896052,455.76406299999996,259.031371,222.96371100000002,108.20298,232.800348,78.69308,104.924105,39.34654,95.087469,239.35811,0.0,0.0,0.0
2020-08-10,327636.16359,42767.507673,19280.108826,15188.584686,9277.870195,7071.6885409999995,6836.8477379999995,6873.2314719999995,6205.092584,2603.095895,4041.9099859999997,5027.580382,2457.56066,3721.07087,3079.392963,2781.707268,2801.553002,3357.232911,1160.974143,1346.200791,1342.893195,1399.1227039999999,2126.798783,1620.7331179999999,2295.4873390000002,1544.6579160000001,1243.664577,823.597038,1663.732186,1114.667487,1071.668452,773.982763,1382.58459,1567.811234,578.833266,1362.738867,1452.0445439999999,780.597993,691.292287,936.056074,469.681853,360.530438,145.53521999999998,499.450418,304.300914,132.304746,79.38285,277.839963,224.91806599999998,79.382848,39.691421999999996,254.686643,337.3771,13.230474,0.0,0.0
2020-08-17,326325.691001,41440.934355000005,17867.826844,14228.872000000001,11439.986522000001,7732.371666,5361.982784,5747.784064,5528.727383,2936.012568,5182.160297,4936.947605,3432.9768280000003,4090.146709,3426.4378309999997,2099.020155,2932.74309,2308.268231,2304.998732,1611.864353,2344.2327410000003,1569.3607940000002,2164.410179,1938.814511,2998.133022,2131.715077,1369.921267,1242.41067,1458.197752,693.134368,1007.006544,735.637886,1432.041777,1628.211874,696.403884,1062.5880750000001,1539.9353350000001,1095.283107,644.0918340000001,1069.127064,402.1487,140.588573,26.156014,251.75163600000002,398.8792,104.624053,117.702065,287.716161,212.517608,42.50352,134.049568,130.780067,297.52466,0.0,0.0,0.0
2020-08-24,301069.663761,41915.012552,15851.906586,11885.398008,11164.856585,7480.913147,6304.735583000001,5216.859585,3927.6560649999997,2956.338163,4750.627056,3807.565827,3087.024556,2521.894224,3585.045747,2331.1627160000003,3383.717979,2352.355145,2221.668743,1631.813932,2338.22689,1709.519359,2253.457304,2112.174723,2486.57357,1822.54541,1610.621536,1041.9591,1366.9090569999998,840.631412,536.873851,840.6314,1744.839994,1787.224757,858.291754,943.061275,897.14444,501.553209,533.341774,904.208579,632.23958,271.968983,98.897818,222.520082,332.014094,127.15433,211.92389,374.39887,342.610289,56.513036,70.641295,141.282594,384.99506,70.6413,0.0,0.0
2020-08-31,334547.44358099997,72606.608916,16015.638182,14387.425059,10341.266587,6659.099578,6044.863429,5131.634078,4059.158339,2170.950978,3448.172197,4046.158621,2697.439093,2521.942995,1793.959489,2417.9453869999998,2554.442346,1878.457574,2018.204415,1491.716333,2495.943645,1355.2193320000001,1855.708093,1303.22058,1527.465503,1065.975946,1884.957395,718.2337980000001,1764.7101519999999,1062.725993,958.728345,1868.7078390000001,1728.960922,1283.720994,682.484579,1147.224061,503.73863400000005,558.987386,506.988553,412.740672,363.99176900000003,97.4978,350.992078,162.496327,168.996182,136.496918,220.99501,266.493989,207.99530299999998,185.245813,51.998826,38.999119,103.99765,0.0,0.0,0.0
2020-09-07,303165.570342,46304.47171,15111.639738,13814.445481,9682.147998,6201.790183,5877.491788,4824.357587,4958.089011,2370.387728,2624.477293,4292.775573,2250.0295300000002,3309.850285,2383.760861,1975.880323,1711.760963,2183.163896,1949.1340480000001,1644.895311,2728.11902,1564.6564660000001,1323.940107,1273.790886,1745.19381,1364.059508,1731.820694,765.611827,1725.134073,832.477507,344.358157,1751.88034,1481.0743850000001,875.94017,695.402888,1150.08939,575.044696,508.17903399999994,605.1342460000001,437.97008900000003,625.193973,247.402946,163.820876,300.895483,257.432807,26.746265,177.194,163.820886,220.65668499999998,130.388038,70.208943,40.119398000000004,160.47758,0.0,0.0,0.0
2020-09-14,289946.530907,36918.329682,15836.763378,10595.490525,10422.545617,5809.519017,5385.981915,5121.271119,4143.60594,1948.271286,2731.815168,3525.947483,2435.339127,2675.343584,2269.453694,2555.341309,1701.207936,1916.505972,2332.984244,1337.671774,2858.87641,1683.560513,1669.442628,977.665122,1658.854206,1552.969862,1337.671793,780.014404,1563.558302,1020.018863,660.012199,1665.913129,1574.14672,970.606164,547.068943,868.251348,363.536138,695.306974,525.892077,504.715213,600.011088,427.06672599999996,458.83199099999996,437.655151,296.476061,42.353723,42.353725,169.41488999999999,303.53502100000003,88.23692299999999,28.235815,14.117908,144.70856,42.353725,0.0,0.0
2020-09-21,310501.522591,42436.089346,14490.117536,11756.462201,9169.065186,7135.364291,6191.643586,4669.85058,4318.131682,2319.254552,4147.495689,4178.83697,2803.303183,2556.055317,2430.690243,2664.008641,2312.289846,2072.006718,2145.13636,1636.711185,2709.279425,2204.336602,1605.369937,1065.603464,2361.042924,1925.7474,1190.968551,1076.050546,1873.511943,1093.462377,877.555799,1549.652122,978.544346,1037.744523,661.649205,766.120123,543.2488089999999,881.038136,525.837014,560.660637,421.366061,69.647284,344.754062,201.977123,362.165884,219.388946,167.15349,132.32984,355.201142,497.97807300000005,13.929457,45.270735,111.43565,13.929457,0.0,0.0
2020-09-28,276743.952469,47521.515189,12082.554501,11661.069302,7082.995007,5623.219522,6233.172641,4317.645699,3831.053892,2230.783593,2854.443593,2943.537804,2761.922571,2436.385775,1757.8986009999999,2117.702427,1706.498044,2388.411964,1545.443036,1243.893177,2062.87513,1768.178689,1096.54495,1243.89316,2100.5688959999998,1452.92205,1233.6130130000001,476.311709,1123.958567,1261.026685,747.02125,1154.798882,757.301351,712.75422,561.979275,839.542221,459.178198,438.617981,815.555304,565.405979,109.654494,82.240868,318.68337299999996,274.136236,137.06812100000002,54.827248,68.53406,332.39019399999995,147.348218,318.68336,13.706812,229.589092,0.0,0.0,0.0,0.0
2020-10-05,283232.273829,88472.030015,14696.230655,12951.278373,7912.851358,5221.76161,7562.551213,5486.9420199999995,4298.541086,2386.623358,3218.176603,3453.892447,2615.791545,2448.826149,2069.061659,2245.848543,2121.442934,1859.536426,2059.24016,1253.877546,2605.970046,1620.5467270000001,1954.47752,1005.066338,1564.891588,923.220536,1604.177534,890.482216,1008.3401700000001,1037.804651,664.587838,1070.542987,1280.068213,1057.44765,536.908397,550.00374,864.291567,703.8738089999999,559.825231,586.015879,209.525225,379.764487,265.180375,333.930836,173.513084,91.667284,124.40561,121.131774,196.4299,147.322431,13.095327,39.285982,58.92897,39.28598,0.0,0.0
2020-10-12,278724.07304,52412.182935000004,15048.022364,10913.805122,9145.794468,6324.290272,10824.074623,5417.022125,10990.240899,1934.176035,2884.647392,3250.213339,2622.104643,2821.504222,2711.8344079999997,2638.721244,3745.389028,1635.076638,2063.785788,1714.836433,2652.014506,1571.933405,3522.726114,1256.217417,1575.2567450000001,1242.924101,1365.887192,598.198786,1761.363069,923.884822,953.794707,1282.804009,850.771583,697.898586,388.829199,1232.954124,667.988627,531.732246,481.88234,810.891667,272.512787,491.852329,295.776061,282.482769,53.173225,53.173226,186.10628,239.27951099999999,225.9862,302.422716,106.346449,119.639755,73.11318,0.0,0.0,0.0
2020-10-19,276251.46646699996,28760.665109999998,13133.86348,10842.025037000001,9371.919996999999,7121.688326,6358.898056999999,5980.9700935,5908.1582595,2510.273809,2971.415229,4379.1102315,3013.022,2496.4048885,2555.347768,2451.330948,2631.626874,1692.0077495,1629.597638,2212.092061,1497.8429245,1633.06482,3321.605392,1282.8747584999999,2142.74757,1848.0331064999998,1244.7352285,1036.7014645,1879.238076,953.4879675,1033.23426,1678.138818,981.2258019999999,1497.842946,776.659306,1286.3419615,731.585323,800.9299125,818.2660555,776.6593115,339.788437,211.5009735,124.820246,266.97663,197.63205349999998,69.3445825,225.36989,249.64048549999998,235.77156649999998,104.01687249999999,41.606747,169.89423,83.21349,0.0,0.0,0.0
2020-10-26,234165.437152,20417.930968,10505.909372,13089.841648,9120.171236,6897.433368,5018.525285,4848.346944,3049.31851,2177.5884770000002,4299.6085140000005,3670.990508,2740.219032,2677.70448,1906.692319,2576.986712,1837.2317209999999,1771.2442199999998,1479.509878,1576.754673,1865.0159429999999,1590.6467400000001,1510.767139,875.203029,2153.277227,1281.547278,1302.38545,951.609629,1614.957986,1316.277588,736.281908,892.568175,645.983196,1562.862541,771.01218,1472.56384,666.821326,677.24044,461.912718,819.634586,444.54756699999996,378.560044,267.423151,479.277838,166.70533899999998,83.35266999999999,298.6804,291.73434199999997,361.194904,0.0,55.568445999999994,69.460556,145.86717,0.0,41.676334,0.0
2020-11-02,215561.715715,21330.82755,11953.362052,9474.951425,8462.59027,6805.31757,4630.615613999999,5519.243622,4611.868112,2238.443285,2767.1208,2748.3734019999997,2088.463842,2827.112579,1773.507007,2842.110565,1799.753358,2485.909369,1218.583042,1934.734874,1945.9833529999999,1304.821175,1428.554235,1061.104604,2054.718459,1136.094327,809.8890349999999,974.866424,1563.5357569999999,1199.8355920000001,997.36336,1109.847915,678.65701,783.642612,884.8787669999999,637.412654,453.687835,656.160087,693.654952,359.95068,352.451707,164.97739,209.97122499999998,637.412648,258.714545,303.70838000000003,326.2053,266.213525,119.98355500000001,134.98149999999998,89.98767,44.993833,104.98561,0.0,74.98972,0.0
2020-11-09,226685.200115,18953.552271,12701.202716,9092.703425,8613.952016,5616.396851,4566.001945,5652.124543,3937.194256,1697.0664860000002,2840.353375,3265.513193,2815.34393,3183.339344,1954.306044,2586.686517,1872.132259,2865.3627500000002,1625.611019,1107.559181,1457.690771,732.418192,1804.249626,1361.225927,1557.72834,1111.131936,986.084936,646.671651,993.230495,975.366607,800.300826,996.8032519999999,1014.667115,1086.122553,1057.540345,610.943931,639.5261009999999,668.108258,903.9112,750.282016,378.713775,200.075203,100.037601,157.201949,628.807782,57.164344,242.94846,185.784122,89.319286,275.10341,157.20195,28.582172,85.74651,0.0,0.0,0.0
2020-11-16,230485.046148,17652.892194,12063.437108,7780.069953,7015.989616,6711.110309,4558.134858,4622.121944,4377.465682,2390.103782,2600.884608,3571.9819430000002,2292.24129,3116.544783,1603.439681,1855.623904,1983.597969,2017.473411,1306.088215,1449.118048,2168.031167,959.805472,1686.246465,1769.053194,1912.083005,557.06357,1452.8819939999998,963.5694020000001,1449.118036,876.998705,813.01168,1163.058376,1211.989627,831.831414,628.578483,669.981842,587.175106,861.94293,794.1919499999999,805.483796,124.21012,120.446175,75.278859,481.784697,180.669264,90.334631,180.66927,150.55772,101.62646000000001,383.92218199999996,48.931262,15.055772,0.0,15.055772,0.0,0.0
2020-11-23,283702.544603,32200.05766,19595.247883,9573.521306,8716.425695,8051.979964,8901.212146,6408.558088,6982.576467,3141.3730680000003,2936.928194,5865.993236,3542.399402,3471.629985,2681.372263,2736.415066,3436.245374,2209.57654,2484.790697,1560.857459,2178.123456,2032.653114,2182.055099,3538.467728,3628.895216,1238.46372,2146.670441,1505.814611,1698.464527,1092.99338,1600.173796,2020.858252,2323.593829,1281.711664,522.906912,1140.1729500000001,1140.17295,857.095514,833.50575,1187.352512,338.12025300000005,172.991757,251.624373,943.5914,125.812186,275.21416,220.17133,204.444801,353.846787,294.872314,172.99176,110.08566400000001,35.384678,0.0,0.0,0.0
2020-11-30,183452.792161,16842.677334,10973.482187,5545.579757,6336.22983,5023.383546,3967.958143,3408.987348,3206.728161,2221.173965,2618.337531,4115.055908,1897.559233,1908.591578,2794.854679,2066.721506,2452.852753,1794.5909179999999,1647.4932900000001,1184.135787,1456.2663890000001,1305.4913549999999,1401.104782,893.618012,2040.9794189999998,1599.686582,1026.005876,1265.039508,1081.16747,492.777016,672.971602,1309.168774,1419.491972,912.00522,573.680709,514.841655,430.260532,419.228203,478.067249,746.520395,136.065291,345.679396,165.48481900000002,176.517135,73.548807,191.226895,235.35619,117.678093,88.25856900000001,143.420176,161.807375,77.226247,0.0,0.0,0.0,0.0
2020-12-07,174715.197816,14315.59912,7314.01326,5191.106506,5619.6937530000005,4418.048619,3176.3485880000003,2895.964701,3024.140246,1602.193483,1798.46218,3092.233442,1862.549927,1606.19893,1818.489597,2066.829575,1534.100259,1570.149637,1105.513512,1041.425785,1686.3086329999999,1494.045434,1089.491558,917.255781,1610.2044449999999,1181.617687,753.03093,1313.798628,1061.453213,853.168041,997.365454,1165.59576,1305.7876740000002,1173.606715,753.030945,644.882863,284.38935,448.614175,472.64707999999996,789.080289,80.109674,476.652555,420.575789,332.455155,80.109675,276.3784,64.08774,148.202899,16.021935,172.235796,32.04387,76.10419,0.0,16.021935,0.0,0.0
2020-12-14,177974.194161,14943.062747,11014.280891,5716.320305,5826.615414,5666.877881,3704.388645,3411.5365349999997,2396.062495,2164.062732,2274.357716,3259.4055710000002,1920.653231,2342.816624,1992.9154429999999,2624.2588849999997,1391.998184,2194.48895,988.8511659999999,1133.37557,1528.916036,1787.5386899999999,1285.506501,1194.2279509999998,2091.800573,1589.768433,813.900589,1407.21126,1502.293114,661.769623,908.982421,844.326767,1540.325899,1753.309207,699.802371,581.900881,502.032125,695.999083,927.998784,623.736893,121.704761,395.540466,224.393152,163.540775,114.09821399999998,235.802975,201.5735,262.425885,167.344045,182.55714,30.42619,45.639285,45.639286,0.0,0.0,0.0
2020-12-21,204266.069766,23670.683953,17002.483987,7515.472796,9425.910038,9083.742159,5812.78014,5951.276927,5185.472528,2586.626077,3091.731018,4586.678685,2875.839386,3637.570208,2167.063129,2867.692582,2293.339356,2325.926765,1429.772843,1311.643474,2513.304409,2175.210003,1881.923248,1315.716881,3034.7030760000002,1144.632942,1421.626032,1083.531568,1877.849808,1531.608513,1226.101495,1743.426709,1609.003619,1266.835756,1055.0175920000001,570.279761,297.360163,896.153918,1103.898696,1356.451133,488.811238,289.213306,411.416127,293.28673200000003,252.55248,342.16787,293.28674,435.856683,199.597917,276.99302400000005,20.367134,346.241284,195.52449,0.0,0.0,0.0
2020-12-28,234860.097088,22440.162007,13827.550459,7632.513807,5958.179561,7003.61766,4786.145705,6186.869257,5688.6526220000005,2405.324102,3414.008337,3838.717513,2560.506269,3369.087218,2262.393105,2707.520969,2344.067955,2580.924972,1457.895922,1796.846487,1555.90576,1233.290116,2013.284848,1817.265231,2380.821633,1290.462504,1625.329317,1184.285188,1339.467424,1347.634889,1433.39347,1547.7382590000002,1425.225985,1221.038873,1188.368994,1147.531529,343.03434000000004,873.920783,992.349323,347.11808099999996,163.349685,212.354589,375.704286,265.44322600000004,212.35459099999997,387.95549700000004,281.7782,494.13280100000003,147.014714,196.019622,32.669937,273.610718,16.334969,0.0,0.0,0.0
2021-01-04,193766.089989,11862.047369,9713.965613,5306.051656,5157.052078,4681.080215,3062.775693,3894.691793,3095.886834,1974.248659,2156.359642,2044.609686,2036.331937,1713.498838,1812.832099,1597.610042,1622.443342,1067.8326,1349.276881,1059.554854,1912.1653780000001,1531.38781,1415.499033,1589.332241,893.999404,1047.1381840000001,1568.637857,1129.915919,972.638232,1100.943693,1146.471443,1113.360359,1129.915911,947.8049,773.971706,662.2217740000001,438.721921,624.971803,517.360757,546.332966,322.83311,244.194275,281.444256,219.36095799999998,186.24987800000002,115.88881,115.88881,318.694234,252.47205,66.222176,0.0,165.55544700000002,0.0,0.0,0.0,0.0
2021-01-11,214289.59821300002,13147.910132,10484.678409,7300.2904960000005,5814.79045,4883.274865,3467.5355990000003,2995.6224850000003,3689.1295499999997,1719.4052060000001,1924.584799,2810.960748,2174.903925,1547.054317,1391.1178220000002,1858.92734,1629.12617,1149.005872,1670.162082,1185.938189,2601.6775900000002,1272.113606,1452.671704,1682.4728750000002,910.997506,623.746043,1309.045956,988.965753,927.411869,1563.468694,1079.244787,1530.639924,722.232256,746.853803,631.953227,451.395165,656.5747670000001,1042.312441,508.84546000000006,463.70594000000006,238.00836,196.97243,488.32749,393.944856,98.48621700000001,98.48621,147.72932,114.900587,82.071847,65.65748,94.382624,106.69340199999999,16.41437,0.0,0.0,0.0
2021-01-18,211035.438058,12342.166378,10533.774698,4679.268281000001,6400.92694,4540.494845,4635.901624,4054.787643,3412.9602,1817.065241,2346.1392020000003,2862.203054,1791.045238,1730.3318470000002,1040.801103,2051.245529,1500.4882850000001,1752.01523,1413.754842,1149.217908,1496.151602,1647.935015,1231.614654,1565.53834,1630.588398,797.94752,941.0576679999999,889.017609,1118.861198,1140.544565,589.787309,1118.861199,802.28419,654.837358,611.4706630000001,477.03385,815.294212,802.2841960000001,459.687162,477.033841,351.270371,78.06008299999999,208.160225,281.88363100000004,190.81354,121.42680000000001,60.713398,86.73342500000001,173.466855,104.080109,69.38674,121.426794,34.69337,0.0,0.0,0.0
2021-01-25,207404.056898,13445.67343,8779.208978,4742.547866,5795.03872,4975.025946,3656.242526,3783.04856,2367.0472,1771.058546,2899.632834,2379.7278,1678.067366,2028.897605,1060.944366,2037.351334,1454.04327,1183.523588,1978.17514,1094.7593200000001,2003.536372,2096.52752,1191.977314,967.953229,1120.12056,1073.624966,1027.12942,967.95323,1039.81,756.60972,672.0723399999999,849.60086,807.33217,824.239651,655.16486,528.35875,579.081186,494.543785,414.233248,756.609725,232.47785,114.12549,207.116625,202.88976,67.62992,202.889756,0.0,33.81496,84.53739999999999,194.43601999999998,84.53739999999999,160.62106,101.44488,0.0,0.0,0.0
2021-02-01,210978.161843,14807.816201000001,7675.7406470000005,6024.610486999999,5388.321491,3547.915816,3322.395529,4015.064809,2198.821812,1188.0081320000002,2206.876063,2049.817397,1204.116704,1337.0125189999999,1155.7909300000001,1498.098348,1179.953818,805.429226,873.890704,857.782139,1635.021352,1586.695614,676.560554,660.4519650000001,1143.7095219999999,801.402085,1083.3023309999999,704.750569,696.69629,547.691869,656.424826,644.34339,539.6375850000001,978.596521,386.606025,406.741757,144.97726,310.090255,434.93178200000006,1059.139447,48.325755,72.48863,233.574467,197.33016500000002,128.86867700000002,56.380047,0.0,16.108585,48.325755,32.21717,48.325755,96.65150700000001,48.325752,0.0,20.13573,0.0
2021-02-08,274754.905425,20498.145538,10144.807682,8136.3335720000005,6204.6858330000005,5944.937809,6215.6610519999995,4613.271636,3314.53145,2132.860753,2465.777285,2286.5144960000002,1748.726297,1580.438814,1759.701552,1353.616582,2707.233189,1953.597988,1295.081813,1082.893278,1174.353846,1701.166777,2004.8159210000001,1430.443454,1558.488302,932.897919,790.219445,570.714011,559.7387349999999,874.363169,468.278182,1415.809789,921.922649,852.412596,439.01079,629.248787,413.401813,1031.675351,471.936588,596.322965,424.37710500000003,14.633693,208.53011800000002,190.238002,190.238001,73.168463,58.53477,69.510043,29.267386,135.361661,14.633693,124.38638600000002,36.584232,0.0,0.0,0.0
2021-02-15,267687.996629,21231.257464,10828.012175,9139.564258,8056.409111999999,5667.096361,4803.4038630000005,5047.644824999999,4229.968828,2346.836199,2973.367208,2835.317961,1638.89168,1957.466748,1787.560035,1557.478034,1815.877808,2007.022866,1805.258655,1136.25104,796.437636,1522.0808029999998,2035.340625,1316.77689,2077.81729,1398.190498,1532.7000580000001,1178.727693,626.530953,810.5965419999999,615.911774,1079.61545,870.771835,828.295136,484.942041,449.544803,622.991203,573.4350919999999,909.7087730000001,651.3090159999999,523.878975,226.54226,14.158892,187.605317,194.684758,99.11224200000001,99.112236,0.0,56.635567,212.383371,0.0,77.873903,102.65196,0.0,14.158892,0.0
2021-02-22,254759.366373,21043.683239,11071.980866,9701.823055,7290.207228,4937.4114070000005,4017.052955,4300.772602,3982.453106,1878.776748,2702.255282,2965.214825,2145.196288,2051.776459,2352.795935,2387.395862,1902.996679,2117.51637,1314.797735,1169.47798,1363.237656,1750.75695,1314.7977589999998,1390.917606,1954.896686,1370.157616,1221.377891,705.8387869999999,1031.078212,667.778845,844.238553,543.219071,958.418362,982.638312,595.118968,726.598739,543.219057,622.7989299999999,840.778544,411.739286,525.9191,224.89962,155.69973099999999,297.559486,207.599643,124.559787,27.679953,110.719808,41.519929000000005,231.819602,69.199881,55.359905,141.85976,0.0,0.0,0.0
2021-03-01,227097.333931,27533.520429,10906.406959,9472.73315,6899.115294,4857.005187,3640.131366,3143.590835,4636.709073,1276.318882,1898.7428439999999,2374.302755,1912.7299170000001,2080.574544,1619.00172,2307.864253,3419.835189,1622.498482,1272.822095,1090.990356,1426.679695,1475.634413,1248.344724,1083.996836,1608.511432,769.288085,1195.893288,507.030763,748.307492,870.694222,493.043726,479.056666,653.894861,569.972518,643.40459,548.991944,430.101967,384.644034,576.966062,493.043719,402.127862,153.85761,164.347906,195.818788,251.767002,230.786426,0.0,97.90939200000001,192.322012,125.88350400000002,0.0,87.419102,41.961166,0.0,0.0,0.0
2021-03-08,214735.655485,59333.16566,20589.684989,9662.976480000001,6377.271229,6168.480579,6439.542071,3857.1318579999997,7805.838509,2124.536062,2388.271596,3043.9473980000002,2252.740821,2043.9501970000001,2435.890477,1912.082453,4439.547834,2534.791322,1183.146803,1135.527885,2183.143965,2124.536195,1347.981489,1798.529669,1531.131157,765.565576,1670.3249,626.371834,1380.948441,2098.895105,1282.04762,743.587612,1219.776728,875.45538,1703.291834,706.957682,318.680404,787.543543,1054.942033,695.968709,545.785988,219.779595,560.437965,238.094556,285.71346900000003,421.244217,73.259865,205.12761799999998,219.779606,208.790617,293.039458,131.86775,43.955917,0.0,0.0,0.0
2021-03-15,254902.296347,71708.156481,28536.258569999998,13477.514261,7365.690098,10259.464297,14465.783059000001,6365.06795,5172.968955,1565.788203,2912.304333,5975.937349,1976.537362,2041.392516,2949.364365,2198.897823,5049.435367,3675.124188,1176.657405,1436.077926,1958.0073579999998,2655.972088,2115.512678,2924.657668,3156.283167,1979.625769,3116.134731,1192.099132,3431.145388,3230.4033,2952.452719,701.053093,1093.272234,1670.79174,1318.721073,1182.83408,602.226236,1170.480751,1043.8587890000001,1090.183917,237.80215,333.54068800000005,694.876426,911.060184,358.247393,247.06717,200.74208,265.597215,98.82687,191.477061,135.886948,12.353358,49.413433,0.0,0.0,0.0
2021-03-22,325347.38874100003,34393.425448,13496.350016,17040.533399,9862.479435,8006.885905,16687.970677,10920.167631,5956.455158999999,3395.736016,3343.160989,9797.533628000001,2638.035412,3636.963286,2430.827475,2910.189182,4385.385915,2520.514504,1861.7787990000002,2205.063626,1645.292898,2016.411495,2876.169913,3401.921449,5409.055067,1768.999136,2529.792373,1354.583249,1778.277116,1552.51319,766.978642,1104.078138,1608.181048,1880.3347449999999,717.496155,2198.878281,355.655414,971.0939480000001,739.144735,986.557209,272.153707,176.281383,346.377451,745.330055,216.485911,157.72545,398.9526,238.134499,92.779675,92.779676,0.0,37.111871,136.07686,0.0,0.0,0.0
2021-03-29,364237.33534,34094.060058999996,13625.277451,31377.823017,12508.210476,7143.349335,10100.637161999999,12805.11529,11358.806829000001,6508.384908,4394.776499,3127.787564,3842.122434,8375.062595,4465.328199,4274.250953,6290.850939,3233.614963,3174.821935,2766.210577,2269.409781,1693.2384,2919.0724,6105.652937,3048.416941,2295.866564,1854.919148,1184.678913,1505.1007749999999,1196.437541,1587.410983,1878.436307,1164.1013619999999,2045.996361,1031.8170910000001,693.7573669999999,485.04224,1666.7814879999999,349.818338,1384.5751,423.309595,223.413392,132.284242,937.748334,138.163545,308.663236,246.93059,249.870248,332.18045,264.568495,155.80145,258.68918599999995,167.56004,11.758599,0.0,0.0
2021-04-05,348848.89865399996,28622.796519000003,12536.353124,10665.482334,25097.042541,7206.654007,6041.542565,5685.620949,13975.249816,3188.084926,3629.184473,3258.052433,7252.284782,5694.747219,2975.1403219999997,4325.817608,5052.871288,2053.394412,2035.142009,4274.102429,1460.191594,1855.6601500000002,2193.329464,3039.023745,1934.753899,2506.662212,2059.478486,1046.470643,1162.069142,1648.7997090000001,915.661817,1916.501404,1186.40566,2266.339063,836.568107,568.866306,1067.765106,1761.356103,304.206579,608.413163,504.982925,176.439816,36.504789,261.617652,298.12244200000004,127.766765,85.17784,109.51437,553.65599,133.850896,60.841317000000004,39.546855,73.00958,0.0,0.0,0.0
2021-04-12,269195.24205249996,29711.6579615,13296.326059500001,11796.082779999999,11658.847044,6727.6976975,9353.901463,4871.8885125,5193.146248999999,2644.9177565,3409.07447,3225.0530009999998,2629.322752,1871.4041325,2838.29623,2170.828752,1964.9743195,2420.34926,2682.3458335,2017.9974375,2501.4434605,1812.14296,1244.4836965,2619.9657035,3168.91091,1522.0753295,1241.3647235,1805.90496,1150.913518,913.8690105000001,985.6061535,938.821051,835.893824,742.3236365,1291.2688305,901.3929674999999,1780.9529,676.824475,798.4657475,920.106994,414.82791000000003,243.28252750000001,321.257701,720.49057,134.117297,286.94863499999997,102.92722,308.7816725,268.234595,87.33219,99.80822,77.975172,77.975174,43.666096,0.0,0.0
2021-04-19,255743.369541,35348.31262,12718.195475,12768.701352,7916.910796,6303.856079,8014.767547,5265.313834,4106.818692,3188.229679,3371.316108,3699.609081,3052.4931500000002,2013.951012,2730.513513,2301.207373,3835.345575,2736.826833,2654.753632,2326.460654,2998.829904,2219.13411,1815.081231,1748.791313,1957.13109,2013.951049,1606.741505,2733.670235,1736.1646640000001,1843.491211,969.095562,1556.234874,1117.458697,852.299023,713.405832,1325.7984700000002,700.779191,609.235956,1527.824898,1180.591983,315.66630100000003,344.076273,445.089484,252.53304300000002,378.79956500000003,397.739544,154.67648,441.932835,167.303138,53.663271,328.29294500000003,12.626652,179.9298,12.626652,0.0,0.0
2021-04-26,257608.892253,36434.693515,14035.936114,10727.907286999998,7299.305025,6597.508224,6538.767674,5385.594914,4485.934656,2955.584798,2686.614219,3425.510378,2232.146693,2603.140588,2093.023958,2893.752436,3193.639229,2451.651399,1499.433723,1935.351566,2127.03172,2244.5131,1598.365428,2402.18559,2213.596994,1490.158866,1740.579728,902.751833,1607.640249,1681.839049,924.393154,1112.981732,1267.562526,1140.80627,578.132176,1038.782949,844.011128,473.017231,1020.233257,1097.523641,148.397566,312.253215,405.001687,284.42866200000003,265.87897499999997,185.496958,234.96281,197.86342000000002,272.062209,49.465855000000005,77.29039900000001,74.198782,123.664635,0.0,0.0,0.0
2021-05-03,258977.35512,32696.138852999997,14568.429123,11689.339432,7144.950917,7373.636376,7452.796665,5154.215765,5104.374015,2237.011734,2477.424506,2219.42055,2371.877403,4195.496455,2357.218117,2867.362324,2820.452498,2348.4225340000003,2330.831373,1679.957714,1759.117981,2442.24208,2269.262228,2128.532774,1721.003802,1442.476761,955.787421,1281.2242880000001,2345.490685,932.332554,838.512917,859.035949,1530.432691,1005.629114,738.829563,888.354588,788.671258,738.8295740000001,990.969817,1407.294425,246.27651699999998,240.412794,536.530991,310.777515,498.416759,211.094167,129.00198,272.663292,293.18633,190.57111,70.36471900000001,0.0,99.68336,29.318633000000002,0.0,0.0
2021-05-10,258730.40901,37748.626224,16935.902568999998,13315.502024000001,9667.628685,11215.304192,7509.4306289999995,5494.7052969999995,6114.385868,3345.6649660000003,3800.504459,3388.401558,3754.715255,4389.659027,3171.666036,3837.135845,2826.720604,2787.036596,2994.614349,2295.565764,2936.614649,2319.98667,3238.823453,2484.827814,2210.092592,1907.883831,1498.833486,1593.464544,1978.093883,1572.096213,1764.410895,1285.150525,2200.934721,1321.781855,1205.782524,1367.571112,970.731255,479.260394,1578.201467,1654.516792,207.577744,366.313679,247.261727,94.631033,170.946383,210.630367,97.68365,235.051284,540.312667,125.157176,85.47319200000001,54.947052,67.15751,12.210456,0.0,0.0
2021-05-17,254906.697432,41458.923444,20700.396692,12338.272799999999,10809.432012,8844.609251,9792.142172,8864.955119,5993.290897,3888.954019,4763.823435,4147.636423,3958.7111029999996,4072.066191,3092.561323,3973.243786,2755.402384,3147.78562,3758.159689,2662.3930370000003,2822.252916,2633.3277199999998,2746.6827909999997,2438.58928,1961.916267,2124.682665,1485.243317,1653.82275,3046.056707,2104.336883,2028.766756,1537.561064,1883.43964,1575.34609,1720.673287,2275.822903,1316.6638229999999,1075.420776,2162.467713,1389.32736,534.803844,424.35523,494.11225,624.9066819999999,302.28043,186.01872600000002,119.16825,552.2431,531.897284,598.7477739999999,133.70096,142.42058699999998,142.4206,0.0,0.0,0.0
2021-05-24,324775.767427,78278.908161,24364.831032000002,16128.986463,14281.130416,9675.198443,9535.375540000001,7358.524315,6593.610705,4647.056211,5192.639847,3975.357805,4636.089726,4265.970179,3660.070835,3295.434541,2889.67383,4054.864949,3202.219242,2681.310326,3300.917779,2533.262546,2571.645263,2047.994631,2670.343768,1924.621545,3569.597115,1436.612077,3594.271841,2242.6501120000003,1041.817914,2415.372554,2083.635841,1474.994809,2492.13807,2226.20037,926.669603,1392.746039,1825.922986,1217.28199,424.952048,408.502291,572.9998539999999,298.837246,515.425707,452.368293,339.96164,356.41139300000003,265.937733,433.176917,43.866016,167.239189,392.05252,0.0,0.0,0.0
2021-05-31,278653.093971,79649.560163,28125.768885,16836.51368,11478.580781999999,10429.172582000001,11529.969297,7735.330155,9606.955607,4825.115066,5668.969208,4311.229446,6393.818519,2983.240977,4184.110424,4887.322175,2472.060043,4673.654067,3253.707054,2074.474901,4416.711289,3594.49435,3727.022757,2712.774897,3202.318515,1417.242324,5547.259752,2407.1482300000002,3851.437158,3410.577447,1968.993147,3099.541415,2355.759705,1682.299091,2485.583373,2550.495246,1065.636404,1138.6622559999998,1966.2885059999999,1752.620251,922.2893740000001,227.19151300000001,822.2169170000001,700.507187,476.020327,216.372884,294.80804,549.04617,327.263977,367.833883,86.54915300000002,97.36779700000001,473.31567,0.0,0.0,0.0
2021-06-07,307967.46610099997,72112.292108,32119.495226,16761.52354,8798.751245,11966.525003,12050.402446,10014.975011999999,12601.198223,3363.488194,5315.038378,4157.528753,5904.97682,3369.080043,5653.344268,5102.54866,3287.998381,5194.813929,3492.1004159999998,2524.713144,4624.446877,3710.181995,3030.774169,2552.672258,3123.039385,1772.611408,4031.712384,2328.998924,3371.875962,3109.059737,2815.4885170000002,2351.366282,2549.876353,1543.346218,2303.835633,2488.3661970000003,701.775191,1607.652322,1484.631967,1649.591069,729.7343520000001,234.85703600000002,578.754835,508.856892,327.122297,268.408033,279.5917,416.59164400000003,405.40795599999996,545.203826,67.10200800000001,11.183668,58.714256,0.0,0.0,0.0
2021-06-14,322879.035548,80510.46241400001,36023.132301,18301.044712,12796.869305,14903.40576,12073.851675,10407.649080000001,8480.508328,4816.4937279999995,5795.01378,6572.393776,6906.721575,4773.003943,5563.974334,6113.0329249999995,5629.209049,4207.636697,4889.882698,2854.017176,4017.368908,4650.68881,3112.2378089999997,3710.222283,3555.28998,2620.259598,4639.816358,2737.13843,3351.431596,2897.5069439999997,2807.8092930000003,3185.626808,3326.968618,2253.314508,1712.410278,2728.98405,1562.914112,1777.6449949999999,1467.7802319999998,1908.114326,771.943683,725.735766,869.795705,1122.5800649999999,554.4947520000001,198.422149,97.85202,858.923293,220.16704199999998,364.22695799999997,141.341802,32.61734,43.489784,0.0,0.0,0.0
2021-06-21,337971.416833,94339.91076999999,43567.905463,21819.373542,18993.862731999998,15620.688036,11307.492648,13266.549784,10084.103674,7144.155738,8043.305682,8550.099400000001,11481.873388,10144.046949,7942.491865,8348.471618,4299.571886,6749.0746389999995,9026.921381,8640.01425,5269.564057,3781.87941,4978.021518,4005.304677,4926.252356999999,4964.398145,4743.697601,7277.66579,5348.580401,4621.086163,2302.369,3239.664784,2386.834627,3018.964288,1356.899111,2822.786183,2719.247698,1498.583382,1130.749292,1760.15433,506.79364999999996,1296.955794,847.380789,765.639873,441.40093,288.817895,253.39682,1147.097442,978.166254,207.076979,0.0,10.898788,0.0,0.0,0.0,0.0
2021-06-28,341908.213903,133169.971652,43762.03509,20801.979683,18205.160214,13096.527186,12715.36784,10376.310499,10518.90252,9778.520994999999,7949.504422,7634.156555,7960.472955,7565.60267,7017.171922,6762.151819,4176.300536,4754.89498,5840.787929,7203.638344999999,5931.279023,3976.12327,4897.486926,3394.786576,3298.811136,3389.3022229999997,4203.7219350000005,4094.035841,5703.680316,5042.821111,2618.757015,2903.9410159999998,2909.4253519999997,2755.864743,1272.359449,2536.492391,2426.80621,1763.204997,685.538484,1244.937897,616.984655,803.451112,567.625878,597.789569,331.800634,397.61233200000004,331.80063,444.228954,419.549546,285.184008,315.347702,10.968616,0.0,0.0,0.0,0.0
2021-07-05,363222.893214,128478.65100700001,44616.183775,20039.403156,16794.980443,12410.189521,15084.429617,10373.055415,11339.422473,9213.94994,6622.693888,7286.569312,7473.953641,5760.72641,5348.481103,7155.400377999999,4414.236892,4880.020559,5233.373671,4885.374448,5468.942375,4256.2987,3445.1927920000003,3338.116103,3046.332071,3897.591796,5846.387706,2858.94788,4631.067247,3865.468872,2802.732579,2698.332758,3458.577334,2585.902278,2114.76481,3204.270248,1536.5506,1533.873742,1913.995995,1260.828135,401.537611,452.39904,420.27604,554.121916,404.214538,513.96817,425.62988,578.21417,425.62987000000004,393.50687,107.07669999999999,0.0,45.507595,0.0,0.0,0.0
2021-07-12,341736.354498,112050.313257,47127.456092,21676.297585,20019.493819,14219.354232,15746.264459,11197.343524,10500.160682,9240.989678,6298.505846,8207.143832,7335.002443,5455.523931,5026.080411,5953.890683,3157.205566,5609.275374,4808.707687,4758.340857,5503.239909,5293.81972,4265.27595,3978.980323,3644.968719,3973.678464,6478.76592,3281.79715,4119.477275,4241.418001,2791.383251,3165.158219,2587.265008,2600.519435,2277.111385,2202.886519,1611.738875,2080.945722,1818.507983,1481.845452,615.005627,424.14180700000003,633.56183,620.3073939999999,678.62687,609.703851,275.69217,466.555981,280.993946,408.236487,21.20709,0.0,10.603545,0.0,0.0,0.0
2021-07-19,375220.220071,98562.21106,45399.516832,24313.189315,26570.954061,14058.417379,17542.493897,15287.327283,11938.353044,8171.081449,7259.142069,5884.737715,6947.367948,6095.185136,4959.807574,6404.361235,4814.312995,4814.312924,4936.424485,4736.36939,5565.169078,8126.913630000001,4840.2941470000005,4645.435253,3380.151728,3551.627513,4905.2470539999995,3299.610099,4952.013213,4437.585802,3520.4500980000003,3858.205539,2699.444814,3671.140932,3102.153047,1748.533517,1634.216345,2148.643704,1974.569782,2177.2230369999997,376.72713899999997,306.577946,293.587351,405.306432,1143.1719770000002,459.866903,296.1855,303.979825,244.22311399999998,519.6236269999999,124.709672,51.962364,0.0,0.0,0.0,0.0
