date_range_start,Riverside County,Los Angeles County,Orange County,San Bernardino County,Imperial County,Santa Clara County,Ventura County,Sacramento County,Alameda County,Kern County,Contra Costa County,Fresno County,Placer County,San Mateo County,San Francisco County,Santa Barbara County,San Joaquin County,San Luis Obispo County,Solano County,Stanislaus County,Tulare County,Sonoma County,El Dorado County,Yolo County,Monterey County,Santa Cruz County,Butte County,Marin County,Kings County,Merced County,Shasta County,Nevada County,Madera County,Napa County,Humboldt County,Mono County,San Benito County,Sutter County,Yuba County,Tuolumne County,Mendocino County,Tehama County,Calaveras County,Inyo County,Amador County,Lake County,Siskiyou County,Glenn County,Lassen County,Plumas County,Mariposa County,Del Norte County,Colusa County,Trinity County,Modoc County,Sierra County,Alpine County
2019-01-07,77863.266,49388.78,37412.844,16307.298,5931.7163,4511.367,3428.5264,3549.467,4812.3125,1963.1759,2089.7417,1918.1748,1347.2224,2145.9932,2773.197,1110.9663,1814.1095,753.76953,1299.4087,618.76605,840.9593,1260.0327,711.58093,641.2666,818.45874,520.326,818.45874,225.00583,284.06985,562.5146,568.1397,177.1921,84.37719,213.75554,298.13272,230.63098,137.81607,101.252625,78.752045,168.75438,45.001167,95.62748,22.500584,70.31432,25.313156,132.19093,0.0,0.0,22.500584,0.0,0.0,11.250292,0.0,45.001167,11.250292,0.0,0.0
2019-01-14,76360.086,50436.355,37120.996,17325.422,5561.4233,5544.2495,4708.462,4176.076,4722.773,2327.039,3059.7847,1514.1497,1909.1453,2183.9248,2953.88,915.93176,1230.7833,870.1352,1210.7473,864.4106,572.45734,1027.5609,623.9785,526.66077,918.79407,311.98926,529.5231,377.82187,343.47443,523.79846,323.43842,326.3007,206.08464,506.62476,257.6058,243.29437,45.79659,260.4681,11.449147,271.91724,34.347443,68.694885,22.898294,71.55717,34.347443,48.658875,22.898294,11.449147,160.28806,0.0,0.0,45.79659,11.449147,22.898294,0.0,0.0,0.0
2019-01-21,83053.74,58511.79,43033.832,18466.88,5963.958,5100.059,4666.7207,3377.817,3802.8218,4141.7144,2561.1406,1669.4637,1830.5768,2205.581,1663.9081,1361.1268,1430.5721,936.12195,819.4539,547.2286,783.3424,930.56635,1300.015,208.33574,866.6767,355.55966,452.78302,405.56024,244.44727,519.45044,263.89194,294.44785,66.667435,336.115,122.22363,244.44727,144.44612,111.1124,108.33459,391.6712,102.77897,105.55678,86.11211,33.333717,0.0,150.00174,122.22363,33.333717,77.77868,36.11153,22.222479,66.667435,44.444958,11.111239,0.0,0.0,0.0
2019-01-28,75782.56,44737.848,31237.934,15490.577,4388.107,4077.9397,3333.0293,2997.4382,3185.5725,2682.186,3038.116,1210.1616,1433.889,1238.1276,2176.257,1441.5161,1253.3817,640.6738,663.55505,887.2824,422.03116,620.33496,734.741,569.48785,770.334,266.94742,551.69135,561.8608,457.62415,264.40506,142.37196,333.04868,134.74489,223.72737,137.28725,213.55794,122.03311,94.067184,30.508278,15.254139,76.27069,71.18598,81.35541,20.338852,53.389484,20.338852,91.52483,20.338852,73.72833,101.69426,0.0,0.0,40.677704,0.0,0.0,0.0,0.0
2019-02-04,77509.266,53122.64,36445.625,17854.766,5602.0522,4202.185,4649.006,3290.4631,3716.622,3329.2048,2812.6487,1286.225,1668.4766,1720.1322,1895.7614,1717.5494,1195.8276,609.5364,684.437,495.89398,348.67545,508.8079,715.43036,643.1125,782.5827,503.64233,322.84766,573.37744,237.61586,322.84766,147.21852,237.61586,123.973495,359.0066,180.79468,206.6225,131.72183,242.78143,51.655624,85.23178,41.324497,46.49006,113.64237,23.24503,56.821186,103.31125,51.655624,30.993374,61.986748,20.662249,10.331124,0.0,41.324497,10.331124,0.0,0.0,10.331124
2019-02-11,80764.94,65548.055,42788.605,18579.678,5800.5493,6999.663,5555.4556,5218.1226,3834.5293,4709.4873,4171.8623,1705.1138,1860.6033,1886.9574,2179.4885,2493.103,1301.8951,1220.1973,961.92664,1009.3641,943.4787,669.3955,1093.6974,1051.5308,819.6142,693.11426,429.5727,492.82266,698.3851,511.27057,200.29156,474.37476,255.63528,297.80194,284.62485,274.0832,342.604,195.02074,271.44778,31.624985,239.8228,52.70831,65.88538,84.33329,129.13536,0.0,52.70831,21.083323,126.49994,42.166645,0.0,0.0,31.624985,23.718739,0.0,0.0,0.0
2019-02-18,84532.48,60696.13,41789.676,19762.658,5056.4404,9854.404,5056.4404,5974.5693,4022.5356,4272.9346,3492.1208,1712.4047,2501.2954,2770.5415,1564.3193,2299.361,1655.863,1058.1368,998.9027,901.9742,783.5059,912.744,813.123,815.8154,1020.44244,702.7321,277.3234,1058.1368,597.72614,269.24603,586.9563,465.79562,169.625,177.70238,481.95038,175.00992,344.63492,140.00793,96.928566,21.539682,145.39285,177.70238,86.15873,43.079365,45.771824,64.61904,129.23808,10.769841,21.539682,0.0,10.769841,0.0,0.0,43.079365,0.0,10.769841,0.0
2019-02-25,74507.73,54948.31,32732.191,16657.273,4776.7534,3672.2046,3818.9963,2976.7476,2656.693,3174.0745,2572.4683,1429.4164,1422.1971,1025.1371,1990.1134,1470.3257,1008.29205,883.15796,608.8255,977.00854,885.5644,960.1636,447.59503,490.91068,620.85767,558.2906,137.16623,235.82965,591.9805,264.70676,149.19835,291.17743,204.54613,259.8939,310.42883,368.183,257.48746,98.66342,67.3799,77.0056,21.657825,115.5084,19.2514,182.88829,38.5028,28.8771,105.8827,48.128498,19.2514,67.3799,0.0,0.0,0.0,48.128498,0.0,0.0,0.0
2019-03-04,76835.37,53732.41,36157.23,16918.959,4237.88,4666.1763,3994.928,2271.7239,3378.7825,3351.2312,2767.646,1745.746,1167.1702,1783.3158,1886.0068,1472.7384,1209.7494,869.116,886.6486,510.95004,731.35986,648.7062,723.8459,375.69855,743.8832,543.51056,202.87723,468.37088,370.68924,295.54953,200.37256,320.5961,80.149025,265.49365,122.728195,313.08212,125.23286,130.24217,82.65369,90.167656,170.31668,80.149025,145.27011,160.29805,40.074512,10.018628,82.65369,20.037256,20.037256,72.635056,0.0,0.0,0.0,60.11177,0.0,0.0,0.0
2019-03-11,78820.37,56143.39,38675.695,17632.53,5812.8687,3859.0854,3975.4397,2867.6494,2765.8396,3127.0227,2865.2256,1570.7836,1379.2837,1452.0051,2026.5046,1355.0432,2203.4602,790.23987,511.47427,884.7778,790.23987,1301.7141,465.41733,462.9933,795.08795,429.0566,591.4679,673.8855,620.55646,232.70866,145.44292,283.61368,266.64536,196.34795,278.7656,300.58203,58.177166,206.04413,77.56956,67.87336,121.20243,19.39239,150.29102,104.23409,58.177166,87.26575,29.088583,63.025265,77.56956,0.0,9.696195,0.0,0.0,0.0,0.0,0.0,0.0
2019-03-18,81882.91,64609.113,40640.74,24781.78,4651.2056,3667.7231,5314.255,3699.7664,4062.102,4254.362,3662.7935,1151.0933,1449.3422,1976.8239,2403.246,2462.4028,2210.9863,2072.9539,966.22815,618.6818,946.5092,3623.3555,549.6655,1508.499,1084.5417,1197.9257,1594.7694,372.19504,529.94653,517.6222,29.578413,120.77852,187.32994,350.0112,278.53006,261.27597,61.621693,177.47047,187.32994,88.73524,177.47047,29.578413,108.45418,69.0163,426.42212,19.71894,29.578413,19.71894,73.94603,0.0,49.297356,9.85947,49.297356,29.578413,0.0,0.0,0.0
2019-03-25,97341.1,71869.555,46565.766,30283.752,5752.5664,4657.68,7165.3223,3205.1904,6249.2383,4130.104,4492.123,1852.0349,1174.3535,1980.0659,3966.7542,4454.5967,1715.1742,3478.9119,1302.3845,1518.7128,690.926,527.5761,525.36865,3110.2708,788.053,1679.8552,377.47076,450.316,311.24783,779.22327,176.59451,200.87625,114.78643,231.78029,26.489176,185.42424,61.80808,77.2601,77.2601,278.13635,44.14863,90.504684,35.3189,61.80808,44.14863,123.61616,35.3189,35.3189,8.829725,26.489176,0.0,8.829725,0.0,26.489176,0.0,8.829725,0.0
2019-04-01,96721.23,69241.2,50600.332,21216.314,4312.7554,7414.0884,5141.499,4162.5015,8242.832,3765.7373,9296.957,1885.2163,1723.2239,4794.037,2134.0742,2155.2036,1065.8633,1230.2034,1549.4929,1101.079,746.57385,565.7997,791.1804,664.40375,497.71588,1267.7668,420.24124,1103.4268,457.80472,316.9417,93.90866,732.48755,274.68283,211.29448,96.25638,457.80472,187.81732,84.51779,161.99243,359.20062,58.692913,124.42897,93.90866,46.95433,28.172598,187.81732,21.129448,28.172598,39.91118,18.781733,107.99496,18.781733,0.0,0.0,0.0,0.0,0.0
2019-04-08,84952.99,59942.406,45818.953,20357.62,5311.2017,9470.49,5468.606,5814.4185,4035.273,4130.6694,2756.9597,3331.7236,3372.267,2909.594,2351.5244,1760.0659,1130.4489,927.7312,1082.7506,548.53,1159.0677,641.5416,2115.418,636.7718,789.40625,600.9981,393.51068,1640.8203,558.0697,321.9633,834.7196,1163.8376,271.8801,388.74084,121.63057,429.28436,209.87236,47.698265,69.16248,66.777565,71.54739,155.01935,59.62283,57.237915,100.16635,109.70601,9.539653,28.618958,26.234045,0.0,50.083176,19.079306,0.0,9.539653,0.0,0.0,0.0
2019-04-15,84364.05,74527.77,50757.58,20315.506,6544.7217,9464.416,9368.452,14387.352,5872.976,7307.6323,3272.3608,6906.9844,7283.6416,2914.896,2245.5496,2312.724,2319.9214,1117.9766,1559.4094,1228.3348,2509.4497,590.1765,2449.4724,1127.573,1285.913,477.4192,570.98376,525.401,856.47565,436.63464,1055.6002,786.902,738.92017,796.49835,230.31277,393.451,278.29462,314.28098,155.94095,182.33095,331.07462,28.789097,115.15639,148.74367,98.36275,76.77093,271.09732,86.367294,19.192732,67.17456,115.15639,0.0,9.596366,38.385464,0.0,86.367294,0.0
2019-04-22,83504.25,75033.984,42176.355,21259.549,8393.567,8594.897,5129.1357,4625.8096,6392.245,4721.681,3882.8037,1840.7366,1723.2937,1991.7345,2286.54,2195.462,3338.732,1752.0553,2087.6062,1358.9813,829.29016,666.3083,788.5447,946.733,599.1981,728.6249,419.43866,596.80133,318.77338,793.33826,208.52094,287.61508,357.12207,88.68132,115.046036,143.80754,160.5851,47.93585,81.490944,167.77547,88.68132,40.745472,67.11018,47.93585,19.17434,57.523018,19.17434,95.8717,69.50698,43.14226,160.5851,38.34868,0.0,19.17434,0.0,28.761509,0.0
2019-04-29,82447.67,62645.402,39994.45,20019.598,6485.7017,4408.317,4815.2715,3592.2776,3617.8455,3990.7092,3573.1018,2316.0176,1293.3052,1625.6868,2051.817,1830.2292,1977.2441,1289.0438,963.05426,975.83813,686.06964,605.10486,577.40643,571.01447,583.7984,854.39105,449.56735,330.25092,543.316,223.71835,166.19078,419.73825,153.40688,553.96924,83.09539,210.93445,208.8038,121.447105,189.62794,142.75362,76.70344,102.27125,42.61302,8.522604,149.14557,25.567812,34.090416,102.27125,53.266273,0.0,0.0,17.045208,0.0,0.0,0.0,8.522604,0.0
2019-05-06,82751.12,51941.832,37353.836,19205.402,4107.145,4647.0195,3653.8328,2943.1123,3100.2908,3330.3638,2332.6216,1519.3931,1432.8309,1861.0857,2252.8933,1605.9552,1184.5343,744.8899,665.1616,826.8961,735.7781,754.00165,398.64136,519.37274,749.44574,364.4721,849.6756,307.52335,608.2128,378.1398,216.40532,191.34785,123.00934,118.45344,302.96744,211.84941,54.670815,193.62581,271.07614,63.78262,0.0,107.06368,27.335407,27.335407,45.559013,36.447212,27.335407,0.0,9.111803,36.447212,9.111803,0.0,9.111803,82.006226,0.0,0.0,9.111803
2019-05-13,80453.39,51765.113,37288.43,17821.969,5501.187,4410.333,5015.581,3741.7454,4985.084,3720.632,3345.2847,1487.3145,1989.3418,2481.9854,2221.5881,1569.4218,1492.0063,966.51984,1219.8794,1058.0107,675.6255,1034.5515,1203.4579,638.09076,621.6693,358.92606,398.80673,340.15866,455.10886,516.10284,220.51666,384.7312,227.55443,269.781,354.2342,126.67978,225.2085,248.66772,77.41542,215.82481,91.49095,65.685814,56.302124,28.151062,65.685814,18.767376,9.383688,37.53475,9.383688,56.302124,30.496984,0.0,18.767376,0.0,0.0,0.0,0.0
2019-05-20,85963.96,77407.43,48457.39,22326.71,5782.8027,8386.025,5698.7505,4867.833,6030.157,3467.7605,4010.4988,2269.414,1594.5935,3455.7532,3215.6035,2408.7007,1904.3865,1001.42395,1222.3616,1200.7482,987.01495,1126.3018,643.601,595.57104,1080.6733,511.5187,489.90524,283.37656,641.1995,797.29675,232.94513,329.00497,264.16458,163.30174,658.00995,177.71072,377.0349,115.27182,225.74065,237.74812,160.90025,72.04488,76.84788,28.817955,88.85536,115.27182,28.817955,67.2419,0.0,48.029926,67.2419,76.84788,9.605985,12.007482,9.605985,0.0,0.0
2019-05-27,81235.95,60245.074,43486.992,22183.664,5041.358,5379.1377,4788.0234,3717.685,4712.023,3367.2388,2831.014,1997.121,1534.7853,2022.4543,2869.0142,1061.8942,1872.5648,893.0044,741.00366,753.67035,629.1142,1070.3386,698.7812,527.7804,745.2259,428.55768,462.3356,430.6688,449.66888,570.0028,168.88972,209.00102,215.3344,221.66776,496.11356,154.11186,118.2228,69.66701,33.777943,97.11159,135.11177,103.444954,25.333458,33.777943,63.333645,0.0,46.44467,101.33383,0.0,8.444486,63.333645,27.44458,50.666916,10.555608,0.0,0.0,0.0
2019-06-03,83028.53,55712.297,39886.09,22005.682,4614.571,5607.927,4175.8916,4477.4834,4952.0166,4059.8945,4066.2214,1394.0729,1742.0638,1948.7494,3028.5757,1634.5029,2796.5818,679.1096,1134.6614,1337.1289,1391.9639,1178.9512,866.81384,660.1283,649.5831,666.4554,430.24335,409.15298,592.63916,624.27466,213.01265,151.8506,185.59517,499.84155,537.8042,153.95964,101.233734,120.21506,137.08734,67.48915,88.57951,168.72289,61.162045,42.18072,16.872288,50.616867,92.797585,42.18072,27.417469,8.436144,0.0,33.744576,0.0,50.616867,0.0,0.0,0.0
2019-06-10,95276.51,64167.19,40261.426,22896.615,6944.18,8286.81,5178.711,5300.768,6488.6455,4411.4946,4856.1313,2966.4248,2491.2737,3267.2085,3439.3962,2748.4656,2410.629,1623.7961,1408.0165,1569.3063,1493.0206,2153.437,1257.6246,1261.9838,889.27356,974.27765,1366.6042,636.4409,738.8817,924.14703,645.15924,488.22864,573.2327,261.55106,588.48987,124.23675,226.67758,383.60822,337.83676,61.02858,43.591843,52.31021,104.62042,106.80001,17.436737,139.4939,98.08164,61.02858,61.02858,8.718369,17.436737,8.718369,8.718369,61.02858,8.718369,0.0,0.0
2019-06-17,98475.15,69133.336,47541.37,27711.463,7363.8374,8294.819,6489.623,6180.8096,6003.6963,4634.472,5099.963,3535.4595,3746.6333,3767.0696,3106.2998,3174.4204,2538.628,3499.1284,1732.534,1591.7515,2018.6406,1757.5117,1562.2325,2363.7852,1405.5552,1330.6226,776.57495,871.9438,701.6423,1030.8918,351.95648,376.93402,345.1444,229.33937,640.3337,163.48946,136.24121,138.5119,102.18091,86.2861,136.24121,252.04625,306.54272,138.5119,0.0,45.41374,27.248243,45.41374,120.346405,27.248243,63.579235,29.51893,79.474045,0.0,0.0,0.0,0.0
2019-06-24,98607.24,63674.004,48907.336,25436.379,6690.8345,7087.1206,6126.4263,6957.0264,5668.095,4689.388,5323.8467,3072.2197,4042.9211,3948.853,2329.6833,2333.686,2774.0042,2483.7947,1665.2031,1162.8402,2291.6558,1198.8662,1216.8793,1224.885,1180.8531,756.54663,648.4685,704.50903,662.47864,648.4685,606.4382,334.2415,146.10556,248.17932,322.23282,90.06507,72.052055,278.20102,190.13737,90.06507,80.057846,16.011568,16.011568,50.03615,16.011568,66.04772,32.023136,16.011568,74.053505,90.06507,80.057846,0.0,84.06074,16.011568,0.0,0.0,0.0
2019-07-01,103390.336,78930.53,49487.7,29525.81,9289.449,13700.129,6453.2524,8646.89,7289.43,4287.2744,6676.6587,4104.294,3908.5474,4463.872,4970.26,2774.4941,3583.0125,2574.4924,2308.5325,2455.3423,2221.2976,1272.3524,1163.8407,1291.5016,1659.5901,895.7531,487.23865,938.3067,1042.563,763.837,482.98328,448.9404,370.21625,378.72696,187.23581,125.5331,212.76796,197.8742,93.617905,80.85183,280.8537,208.5126,104.2563,68.08575,80.85183,8.510718,17.021437,148.93758,51.064312,51.064312,187.23581,0.0,0.0,144.68222,25.532156,44.68127,0.0
2019-07-08,109636.16,74852.445,55841.51,31153.502,8596.833,8557.846,7494.342,7619.9697,5033.772,5126.9097,5421.485,5373.833,5217.8813,3032.3926,3184.0122,3043.2227,2768.1414,2720.4895,1628.8281,2088.019,2155.1648,1490.2043,1345.0828,1936.3993,1520.5283,1160.9731,870.7299,623.8065,877.2279,606.4785,595.64856,372.5511,357.38913,370.3851,292.4093,86.63979,372.5511,190.60754,123.4617,290.2433,210.10149,147.28764,253.42139,134.29167,64.97984,60.647854,90.97178,80.14181,43.319897,97.469765,60.647854,0.0,25.991938,8.66398,0.0,60.647854,0.0
2019-07-15,104366.37,82639.21,55331.355,29648.146,8109.902,9987.914,6960.869,10199.052,6956.4243,4878.387,5991.8594,4111.6245,4873.942,4560.5693,3269.297,2569.2097,2738.1196,2204.7197,1617.9799,2042.4773,1506.8549,1371.2823,1673.5424,1689.0999,1209.0399,1457.9598,568.95996,937.8949,800.0999,588.96246,666.74994,268.9225,422.27496,411.16245,360.04495,186.68999,551.17993,260.03247,320.03998,248.91997,115.569984,93.34499,231.13997,166.68748,44.449997,73.34249,44.449997,17.779999,71.119995,8.889999,26.669998,0.0,26.669998,35.559998,0.0,0.0,0.0
2019-07-22,105405.72,75593.63,53566.32,30077.941,9089.051,10927.312,7032.653,13174.579,7334.864,6210.0938,8066.5327,5721.5576,8284.67,4492.263,3401.5771,2694.9036,4224.136,2208.6394,2265.4458,1799.6321,2042.7642,1820.0824,2419.9597,2333.6138,1206.5715,1358.8131,604.4219,1449.7036,715.76276,1106.5919,579.427,917.99414,399.91824,409.0073,297.6664,95.435036,320.38904,293.1219,224.95401,231.7708,193.14233,81.80146,49.98978,36.356205,136.33577,0.0,9.089051,9.089051,0.0,0.0,18.178102,9.089051,11.361314,0.0,0.0,0.0,0.0
2019-07-29,106487.02,78925.82,56478.375,28031.436,8812.775,12025.344,6441.352,10389.67,7777.0513,7077.785,7420.324,4963.7734,6078.545,5231.3184,3415.2544,1682.2915,2182.9253,1757.2852,1951.8635,2172.791,1548.5189,1720.8018,1728.9092,1732.9629,1187.7383,751.96405,409.42517,1181.6577,709.4,719.5343,555.3589,403.34457,685.07776,891.8172,322.2703,200.65886,261.46457,326.324,456.04288,202.68571,180.39029,97.28915,56.752003,48.644573,40.537144,113.504005,32.429714,105.396576,64.85943,40.537144,40.537144,54.725143,0.0,8.107429,8.107429,0.0,0.0
2019-08-05,102074.445,75382.35,52983.254,23672.281,7914.219,10211.07,7131.541,8950.681,6796.717,4438.0195,4932.7915,3623.3518,2480.2578,5476.6143,3770.5037,2245.6677,1682.6512,1629.3353,2407.748,1597.3457,1170.8182,1117.5022,1241.1952,1343.5619,1040.7273,616.33234,473.44562,874.38153,671.78094,882.91205,740.0253,407.33383,240.98808,609.93445,285.77347,392.40536,339.08942,281.5082,417.997,113.02981,132.22354,70.37705,147.15201,51.183308,110.89717,34.122208,34.122208,34.122208,0.0,61.846497,17.061104,0.0,0.0,51.183308,0.0,0.0,0.0
2019-08-12,87333.45,71895.74,53983.504,23260.127,7450.0273,6231.493,6912.374,6339.4644,5087.8774,3267.7878,3373.556,1996.3694,1573.2977,3032.0137,3162.02,1683.4727,1097.3422,1319.8955,927.6728,1159.04,852.75385,991.5742,1011.4057,879.1958,733.7649,381.2052,264.4198,940.89374,453.92065,456.12415,341.54224,427.47867,260.0128,361.37372,207.12883,341.54224,341.54224,178.48335,290.86176,180.68686,26.441978,167.46587,152.04138,17.627987,44.069965,8.813993,8.813993,17.627987,145.43088,35.255974,79.325935,17.627987,52.883957,103.564415,17.627987,8.813993,0.0
2019-08-19,87862.91,63318.9,52166.418,22230.7,5618.995,7459.7393,6278.3325,7005.179,5495.229,3337.1926,4770.633,2254.799,3105.4119,3319.1902,2394.3176,1978.0123,1822.7417,1212.9109,1563.9574,1226.4127,1100.396,990.13135,1188.1576,1341.1779,625.58295,659.33746,508.56744,1100.396,652.58655,324.04297,276.7867,279.03702,263.2849,427.5567,117.01552,508.56744,168.77238,117.01552,9.001194,148.5197,90.01194,9.001194,189.02507,110.264626,200.27657,63.008358,96.76283,175.52328,47.256268,27.003582,18.002388,0.0,117.01552,45.00597,18.002388,0.0,36.004776
2019-08-26,90392.08,78963.625,53814.227,25533.693,5900.6914,7083.8584,6173.293,4734.5615,4651.2666,3401.8423,4329.4453,3199.284,2455.3083,2661.6528,3062.9832,1334.6125,1781.3765,899.20703,1266.4622,1139.6266,1065.797,810.23285,793.19525,836.7358,802.6606,403.22336,405.11642,628.4984,403.22336,200.66515,433.51245,318.03534,355.89667,272.6017,37.861347,145.76619,138.19392,106.01177,85.188034,168.483,30.28908,98.43951,155.23152,32.182148,130.62166,138.19392,88.97417,0.0,53.005886,15.14454,92.76031,0.0,75.722694,22.716808,22.716808,0.0,7.57227
2019-09-02,88034.76,61229.574,45461.938,22264.55,5533.19,6622.53,5269.6064,5288.1396,4188.503,3613.9739,4398.546,2329.0054,2524.6335,2854.1128,2716.1433,1665.9287,1651.514,1064.6294,1233.4874,1177.8878,926.66,796.9276,862.8234,860.76416,743.3872,558.05524,572.47,537.46277,329.4791,267.70178,477.7447,300.6497,205.92444,290.35345,170.91728,226.51689,109.13995,142.08786,160.62106,168.85805,24.710934,57.658844,57.658844,107.08071,74.1328,189.45049,57.658844,16.473955,8.236978,0.0,32.94791,102.96222,49.421867,86.488266,0.0,0.0,0.0
2019-09-09,86684.17,56444.906,43671.03,20692.295,5317.055,5977.103,4562.098,4009.9006,4167.3633,3254.9436,4141.479,1701.889,2219.574,2342.5242,2379.1934,1048.3119,1527.1704,968.50214,1059.0969,1535.7985,688.0895,873.5932,791.62646,754.9571,789.4694,638.478,440.03214,685.93243,368.85046,314.92496,427.09003,437.87512,86.280815,366.69345,131.57823,340.8092,174.71864,207.07394,181.18971,25.884243,43.140408,69.02465,0.0,94.90889,73.33869,43.140408,43.140408,77.65273,25.884243,0.0,17.256163,0.0,45.29743,77.65273,0.0,25.884243,0.0
2019-09-16,87350.97,57650.832,46845.496,22322.08,5008.9336,8255.009,5917.208,5062.6245,4995.5107,3252.7866,5633.093,1968.6742,2465.317,2926.1658,2677.8442,1704.6929,1885.9004,733.77856,1145.4104,1545.8566,1268.4525,1255.0298,836.6865,1333.3293,959.72864,740.4899,818.7895,662.19037,362.415,355.7036,400.44623,237.13574,384.78632,642.0562,172.25899,371.36353,286.3526,134.22778,161.07333,145.41344,35.794075,80.53667,62.639633,156.59908,76.06241,53.691113,31.319817,8.948519,26.845556,0.0,55.92824,17.897038,0.0,44.742596,0.0,26.845556,0.0
2019-09-23,87975.67,63251.875,46543.695,22463.35,5759.956,8592.094,5724.0757,4769.6646,5652.3154,3200.507,5207.402,2174.3354,2640.777,2836.9219,2992.4023,1691.1498,1794.0062,1138.596,1093.1477,1148.164,827.6348,851.55493,923.3152,940.0592,937.66724,557.3379,490.3617,562.12195,337.27316,346.8412,471.22562,272.68893,389.89734,325.3131,203.3207,301.39304,310.96106,198.53668,114.8164,222.45677,172.2246,57.4082,0.0,9.568033,28.7041,57.4082,19.136066,121.99242,19.136066,47.840164,167.44058,0.0,0.0,57.4082,0.0,0.0,0.0
2019-09-30,77079.14,53244.96,39501.273,18305.98,4768.5195,6750.8433,4497.055,4143.5195,3503.7888,2590.4888,4680.1357,1441.4987,1773.9904,2121.2126,2474.748,999.57935,1750.8422,883.8386,808.081,955.38745,757.5759,692.3402,835.4379,650.2527,538.7207,595.5389,303.03036,469.2762,260.94284,250.42094,258.83844,151.51518,111.53201,101.010124,58.922573,50.505062,138.88892,143.09767,42.08755,119.949524,94.69699,77.86197,79.96635,75.75759,16.835022,35.774418,58.922573,153.61957,84.1751,8.417511,50.505062,54.713818,18.939398,50.505062,8.417511,8.417511,0.0
2019-10-07,81484.91,55732.113,43206.773,19518.9,4788.219,6411.1494,4592.547,4887.2065,3860.502,2958.1067,4394.5728,1931.402,2803.8708,2755.528,2354.975,1579.1915,1880.7573,1056.6311,888.583,1029.0067,794.1998,913.90533,971.45605,508.74832,658.3802,504.14426,421.27124,628.4538,453.49963,269.33734,324.58603,386.74078,193.37039,296.96167,267.0353,119.70548,218.69272,119.70548,105.89331,257.8272,197.97446,94.38317,57.550713,55.248684,108.19534,216.39069,234.80692,27.624342,48.342598,71.362885,0.0,29.92637,9.208115,0.0,27.624342,18.41623,9.208115
2019-10-14,80799.73,55832.316,44126.434,21993.38,4813.8364,5355.664,4288.8657,4589.881,4238.2954,2937.9092,3291.903,1623.0745,1837.3973,2372.0005,1991.5171,1155.8987,1519.5251,611.663,1122.1849,1001.7789,780.2316,602.0306,1052.3495,385.29956,797.08844,279.3422,457.54324,679.09045,385.29956,438.27826,469.58383,351.58585,397.34018,166.16043,86.6924,57.794933,269.7097,178.20105,127.63048,134.85484,211.91476,77.05991,86.6924,48.162445,96.32489,178.20105,77.05991,9.632489,9.632489,9.632489,0.0,0.0,0.0,38.529957,19.264978,9.632489,9.632489
2019-10-21,82495.35,54416.926,39456.055,20284.049,5025.6226,5736.724,4236.35,4248.9585,3389.08,2554.4182,3111.7,1835.7517,1374.2921,1792.8839,2034.961,1545.7634,1772.7108,673.2771,877.52966,753.9695,519.4572,925.4408,670.75543,413.54846,832.1402,305.11807,214.33914,617.8011,375.7239,703.53674,353.02917,607.71454,307.6397,179.03622,151.29822,214.33914,378.24554,151.29822,80.69238,151.29822,443.8081,50.43274,60.519287,0.0,179.03622,128.60349,179.03622,60.519287,10.086548,0.0,10.086548,20.173096,0.0,204.2526,20.173096,0.0,0.0
2019-10-28,78675.84,44635.414,38336.473,17842.201,4140.95,3407.588,4477.721,3321.1797,2211.1655,2093.739,2180.1472,1706.0095,1036.8993,1247.381,1615.17,1285.0461,950.491,724.5001,609.2891,660.24786,868.5139,1231.8718,609.2891,558.3304,629.2295,292.45877,243.71565,257.00922,225.99088,527.312,168.38536,294.67438,239.28445,70.89909,73.11469,338.9863,403.23862,97.48626,44.311935,84.19268,35.449547,53.174324,0.0,62.03671,8.862387,8.862387,55.38992,144.0138,17.724773,17.724773,26.587162,0.0,17.724773,44.311935,0.0,0.0,57.60552
2019-11-04,83011.27,56573.73,43662.8,20456.996,5374.024,4284.571,5099.372,4428.763,3941.256,2817.4717,3144.7654,1785.2379,1270.2655,1652.4895,2066.756,2355.1409,1689.1097,1114.6293,988.7472,1130.6506,1439.6342,535.57135,1011.6348,995.61346,1004.76855,439.44318,327.2936,789.62445,414.26675,286.09583,194.54517,407.40045,148.76982,235.74295,100.70573,176.23503,325.00485,119.01586,82.3956,102.9945,189.96762,73.24053,54.930397,45.775333,144.19229,38.90903,77.81806,38.90903,18.310133,0.0,27.465199,0.0,0.0,0.0,9.1550665,0.0,18.310133
2019-11-11,82217.49,47811.555,40496.387,18247.654,5472.1646,3783.137,4003.445,3728.6523,3067.7285,2804.7803,2487.3474,2717.1309,1558.7378,1880.9084,1826.4237,1272.1006,900.18286,912.0274,568.53656,644.34143,938.0853,641.97253,653.817,651.4481,762.78656,388.49997,492.7317,239.25914,533.00305,220.30792,213.20122,210.8323,165.82317,213.20122,274.79266,293.7439,94.756096,189.51219,56.853657,18.95122,66.32926,217.93901,28.426828,0.0,123.18292,75.80488,0.0,18.95122,75.80488,0.0,37.90244,18.95122,47.378048,0.0,0.0,0.0,18.95122
2019-11-18,80759.18,42541.996,35588.62,16638.346,5556.167,5101.3203,3741.806,3902.6357,4116.238,2329.5193,3864.9414,2389.8303,1444.9553,1336.8977,2450.1416,1198.6847,1065.4974,1583.1685,1017.7511,575.4692,1070.5234,706.1434,763.9416,618.1896,972.51776,525.20984,703.63043,459.87274,693.57855,495.05426,625.72845,394.5356,175.90761,273.91327,160.8298,211.08913,123.13532,168.3687,60.311176,50.259315,100.51863,120.62235,65.33711,52.77228,10.051863,20.103725,10.051863,10.051863,0.0,40.20745,70.36304,0.0,30.155588,40.20745,20.103725,0.0,20.103725
2019-11-25,79289.305,80205.45,50574.414,22108.764,5135.3584,11689.846,5903.3047,9538.698,10120.271,4883.8677,7414.4966,4032.8396,5451.968,3841.9758,5494.632,4039.576,1870.4651,4423.549,2056.838,1520.174,1037.4008,2014.1743,1722.265,2494.702,1077.8191,1257.4556,1643.6741,1109.2554,489.5095,684.8642,1127.2191,433.37308,372.74576,303.1366,541.15497,71.8546,206.58199,502.9822,334.573,321.10025,35.9273,62.872776,17.96365,0.0,152.69102,62.872776,62.872776,83.08189,204.33652,0.0,62.872776,0.0,35.9273,0.0,69.609146,0.0,0.0
2019-12-02,75387.836,37581.496,33754.5,16541.143,5166.789,3996.2065,3859.4456,3887.2612,3296.175,2948.4773,2385.2068,1655.0415,1995.7853,1757.0328,1395.4271,1012.95953,1237.8041,762.6171,1054.6833,1110.315,873.88043,544.72656,857.65454,616.5841,924.8761,584.13226,324.51794,500.6848,382.46756,445.05316,607.31213,375.5136,183.12083,152.98703,299.0201,171.53091,115.89926,254.97838,120.53523,113.581276,111.26329,69.53956,92.71941,95.0374,83.44747,20.861868,18.543882,95.0374,85.76546,90.40143,9.271941,0.0,0.0,0.0,0.0,0.0,0.0
2019-12-09,78624.26,42260.117,34064.87,16747.002,4695.5684,3289.8313,3831.3674,2529.4246,2254.1438,2369.22,1405.7373,1602.0441,1080.8157,1802.8636,1333.5325,1854.7609,893.5344,1274.8661,773.94525,794.2528,550.56165,539.2796,834.86804,864.20123,514.4592,819.07324,286.5628,311.3832,394.87003,295.5884,234.6656,302.3576,282.05002,239.1784,162.4608,101.538,83.4868,60.922802,209.84521,92.512405,268.5116,45.128002,81.2304,54.153603,47.384403,18.0512,63.179203,36.1024,36.1024,27.076801,106.050804,18.0512,54.153603,9.0256,18.0512,0.0,0.0
2019-12-16,73759.26,45658.684,34946.36,16784.8,5457.854,5784.163,3672.0942,3488.825,4141.443,2764.687,2123.244,1667.3052,1204.6615,1694.1251,2661.8772,3363.6653,907.40735,3178.161,710.72797,833.6526,958.8122,1231.4814,583.3333,1423.6909,630.2682,1349.936,733.0779,444.7637,435.82373,507.34354,292.78415,181.03447,455.9387,286.07916,359.83395,227.96935,98.339714,107.279686,147.50957,270.4342,319.60406,116.219666,89.39974,35.759895,37.99489,140.8046,154.21455,31.28991,0.0,26.819921,8.939974,46.934864,0.0,0.0,35.759895,0.0,8.939974
2019-12-23,74696.66,80212.74,55182.08,19912.564,5906.1113,19278.44,6972.714,6304.0977,12263.273,3565.954,6980.674,3576.5671,2594.8684,5874.2725,7429.0713,4693.581,2735.4902,4319.474,1767.0576,1363.7653,1650.3151,2740.7966,1812.1627,2231.3745,1692.767,2042.9945,1225.7968,1016.1908,583.7127,758.82654,1204.5708,169.80734,403.29242,679.2294,933.94037,451.05075,193.6865,267.9772,111.436066,92.86339,294.5096,47.758316,148.58142,63.677753,31.838877,257.36426,95.51663,10.612959,0.0,21.225918,10.612959,106.129585,0.0,79.59719,0.0,0.0,0.0
2019-12-30,82820.39,67463.74,51464.844,23802.232,6193.122,10358.569,5743.547,5427.01,8241.439,4387.9414,5938.5156,3390.161,2683.686,4353.535,5144.8784,2988.7546,2582.7612,1887.7552,772.99335,1798.2991,1045.9495,2325.8613,1055.1245,1509.2867,1316.6118,1328.0806,1105.5869,1002.3682,435.8123,777.5809,463.33725,220.19989,350.94357,617.01843,761.5246,172.03116,139.91869,268.36862,137.62492,91.749954,94.0437,110.099945,55.049973,66.518715,130.74368,36.69998,38.99373,38.99373,27.524986,29.818735,94.0437,0.0,48.168724,123.862434,0.0,0.0,0.0
2020-01-06,87191.2,47054.82,37766.34,18046.684,5302.7227,3866.2576,4680.3374,3380.797,6022.2,2927.7004,2370.0432,1842.2605,1859.6873,1491.2352,2138.5159,1336.8837,1247.2601,811.59045,731.9251,731.9251,766.7787,443.13834,749.3519,652.2598,998.306,597.4899,724.4565,234.01688,537.7409,624.8749,281.31815,224.05872,171.77835,425.71155,694.58203,293.76587,191.69467,219.07964,191.69467,19.91633,174.26788,47.301285,413.26385,109.53982,69.70715,9.958165,49.790825,49.790825,59.74899,42.3222,59.74899,29.874495,19.91633,107.05027,0.0,0.0,0.0
2020-01-13,82856.42,48257.23,41661.535,20421.828,5456.6924,6239.446,5514.3955,3891.1863,5642.345,2897.692,2415.9976,2275.5034,2177.6594,2122.465,2072.2888,938.30023,1166.6033,935.7914,519.3266,888.1237,536.88837,434.02658,780.2443,469.15012,667.3472,617.1707,933.2826,464.13245,401.41187,644.7678,546.92365,368.79715,90.317665,160.56474,406.4295,193.17946,90.317665,250.88242,378.83243,90.317665,163.07356,20.070593,233.32065,82.7912,57.702953,30.10589,70.24708,0.0,50.176483,112.89709,10.035296,20.070593,0.0,92.82649,0.0,0.0,0.0
2020-01-20,86290.29,45614.824,43994.613,19460.328,5569.1636,4319.72,4870.796,3611.1948,3235.3462,1985.9032,2839.1814,1830.9926,2255.092,2244.934,2153.5115,1254.522,1635.4497,992.9516,561.2335,530.7593,556.1545,591.70776,794.8692,472.35037,703.44653,198.08241,396.16483,624.7215,436.79712,325.05832,553.615,347.914,228.55664,246.33327,358.07205,243.79375,264.1099,271.72845,93.96217,96.50169,172.68724,91.42265,20.316145,50.790363,71.10651,0.0,50.790363,0.0,0.0,20.316145,10.158072,0.0,0.0,10.158072,0.0,30.474218,20.316145
2020-01-27,80955.0,38970.016,36179.633,16104.556,5004.468,3945.0972,3890.0098,3059.4631,2735.2957,1786.0992,2735.2957,1178.0204,2152.6416,1459.8131,1099.627,915.29645,1061.4896,605.96014,500.02304,629.2663,453.41074,620.7913,610.19763,451.292,618.6726,442.81702,235.18033,341.11743,447.0545,230.94286,391.96722,222.46788,86.86841,165.26186,82.63093,161.02437,50.8498,118.649536,137.71822,52.968544,173.73682,135.59947,16.949934,95.343376,67.799736,0.0,84.74967,8.474967,36.01861,25.4249,8.474967,0.0,0.0,0.0,0.0,33.899868,0.0
2020-02-03,84759.83,43180.426,40763.2,19144.959,6099.12,4072.0596,4385.985,3630.3218,2701.9998,3625.8372,3071.9832,1343.1517,2013.6066,1950.8214,1233.278,1556.1725,1179.4622,919.35266,838.62897,1060.619,813.96344,733.2398,661.4854,733.2398,578.5195,208.53609,369.98337,529.18835,179.38588,139.02406,309.44064,278.04813,376.71036,125.570114,121.08547,174.90123,56.058086,150.23567,123.3278,44.84647,71.75435,89.69294,136.78174,107.63153,56.058086,91.935265,121.08547,47.088795,8.969294,8.969294,44.84647,0.0,8.969294,44.84647,0.0,0.0,0.0
2020-02-10,90878.08,56962.08,44066.832,22241.227,5838.487,6546.582,4868.704,5724.1357,3727.3955,3184.2292,3905.5188,1943.9631,2447.5464,1983.5461,1515.1478,3098.4663,1554.7307,1592.1146,1152.304,1598.7118,677.3084,886.2185,1077.5361,998.37024,903.8109,677.3084,870.82513,675.1094,694.9009,272.68262,318.86273,417.82013,193.5167,323.26083,312.26556,114.35078,171.52617,81.364975,134.14226,131.9432,255.0902,90.16119,98.957405,120.94794,131.9432,19.791481,131.9432,0.0,35.184853,8.796213,17.592426,17.592426,26.38864,54.976334,0.0,30.786747,0.0
2020-02-17,88330.055,50462.16,43054.176,20356.438,5653.16,9445.699,6409.828,5354.173,4155.924,3479.7524,3254.362,2051.513,2782.882,2621.889,1011.9571,2286.103,954.45953,910.7614,1455.8383,1014.257,735.9688,731.369,1271.8461,1074.0544,869.36316,581.8753,554.2765,841.7643,469.1801,595.67474,887.7623,798.06616,170.19278,156.39337,287.48782,229.99025,289.78772,156.39337,167.89288,48.29795,91.9961,131.09444,55.19766,91.9961,105.79552,216.19083,55.19766,9.19961,9.19961,0.0,27.59883,27.59883,18.39922,27.59883,0.0,20.699121,18.39922
2020-02-24,81714.11,41323.312,36621.02,19455.244,5415.269,3569.0596,4938.558,2770.3596,2730.6338,2989.8977,2281.1038,1511.6755,1856.6637,1331.8635,830.0625,974.33026,988.9661,993.1478,639.79626,455.80258,476.71097,545.7086,612.6154,512.2552,424.44003,275.99054,112.90523,340.80652,528.9819,246.71883,271.80887,269.71805,150.5403,211.17459,167.267,213.26543,198.62956,108.72355,66.9068,100.3602,150.5403,37.635075,60.63429,100.3602,133.8136,41.81675,16.7267,8.36335,0.0,85.72434,50.1801,58.54345,16.7267,16.7267,0.0,0.0,0.0
2020-03-02,80319.46,39142.16,34403.656,17243.184,4866.9224,3282.343,2966.7332,2918.8474,1660.7611,2648.9465,1527.9873,1723.883,1247.2032,1192.7878,1258.0864,968.59595,894.5908,1053.4841,827.1156,407.02795,1014.30493,363.49554,526.74207,613.8069,367.8488,370.02542,156.71664,409.20456,437.50064,313.4333,237.25159,204.60228,211.13214,60.945362,100.12452,87.064804,126.243965,106.65438,60.945362,43.532402,91.418045,152.3634,115.36086,111.00762,28.29606,17.41296,17.41296,0.0,0.0,34.82592,26.11944,0.0,17.41296,0.0,34.82592,0.0,0.0
2020-03-09,70604.78,35271.97,25243.516,14016.007,4692.282,3016.6482,2862.0134,2377.8286,2441.2036,2266.2888,2076.1638,1221.8693,1244.6843,917.6695,1485.5092,1346.0842,1450.0192,899.9245,760.4996,512.0697,590.65466,869.5045,395.45978,1079.9094,327.01483,327.01483,499.3947,306.73483,111.53994,334.6198,397.99478,278.84985,114.074936,101.39994,192.6599,172.3799,81.11996,157.1699,179.9849,162.23991,235.75487,207.86989,98.864944,40.55998,83.65495,81.11996,20.27999,0.0,0.0,10.139995,10.139995,0.0,109.00494,0.0,0.0,0.0,0.0
2020-03-16,79844.586,37185.94,23770.951,15696.552,4034.6592,3114.9194,2174.854,1626.0591,3109.8381,1793.7465,1397.3945,1062.0199,665.66797,1107.7528,1554.9191,2286.6458,1326.2545,1727.6879,736.80804,447.16626,325.21182,1199.2186,345.53757,919.7397,604.69073,670.7494,1077.2642,243.90887,60.97722,315.04895,147.3616,203.25739,127.035866,40.651478,284.56033,111.791565,20.325739,101.62869,20.325739,20.325739,81.302956,60.97722,40.651478,0.0,142.28017,81.302956,0.0,40.651478,0.0,40.651478,0.0,0.0,182.93166,0.0,40.651478,0.0,0.0
2020-03-23,76368.17,29454.48,24968.96,15413.41,2909.869,1975.9153,2134.751,1302.4521,2096.6304,1512.1152,1219.8577,1016.54803,476.5069,730.6439,1836.1399,2477.836,1651.8906,2141.1042,590.8685,546.3946,355.7918,520.9809,260.49045,1416.8138,571.8083,724.29047,374.85208,127.068504,127.068504,228.72331,127.068504,171.54248,50.827404,50.827404,330.3781,25.413702,0.0,152.48221,50.827404,76.241104,50.827404,25.413702,0.0,25.413702,0.0,25.413702,0.0,0.0,25.413702,0.0,76.241104,0.0,50.827404,0.0,76.241104,0.0,0.0
2020-03-30,69887.68,23632.387,24466.814,13187.456,3028.4468,1423.7784,1482.13,1073.669,1435.4487,1663.0199,910.28455,770.2408,0.0,542.6696,1225.383,1487.9651,303.4282,1482.13,210.06567,268.41724,443.47195,338.43912,233.4063,741.065,309.26334,466.8126,373.45007,23.34063,99.19768,145.87894,0.0,46.68126,46.68126,23.34063,151.7141,52.51642,0.0,93.36252,23.34063,23.34063,0.0,0.0,0.0,0.0,23.34063,0.0,0.0,23.34063,0.0,0.0,0.0,23.34063,23.34063,0.0,0.0,0.0,0.0
2020-04-06,69331.77,23817.555,21851.85,12414.983,2697.303,753.76685,1396.6857,1344.9565,1588.8223,1928.7563,650.30865,665.0884,118.23794,923.7339,1271.0579,2046.9943,295.59485,1101.0908,251.25562,295.59485,339.93408,362.1037,273.42523,591.1897,177.3569,487.7315,376.88342,0.0,147.79742,162.57716,0.0,118.23794,96.06833,29.559484,206.9164,88.67845,0.0,0.0,147.79742,0.0,29.559484,59.11897,29.559484,0.0,0.0,29.559484,0.0,118.23794,73.89871,0.0,0.0,0.0,0.0,0.0,0.0,0.0,0.0
2020-04-13,75269.97,25006.229,23688.682,13779.913,3633.4417,1018.722,1650.3296,1086.6368,1643.5381,1270.0067,964.39014,760.64575,142.62108,869.30945,1263.2152,1711.4529,509.361,747.0628,258.07623,108.66368,169.787,298.8251,400.69733,325.99103,312.40808,332.7825,387.11435,54.33184,129.03812,217.32736,27.16592,101.8722,0.0,27.16592,142.62108,0.0,0.0,81.49776,61.123318,40.74888,27.16592,33.9574,27.16592,0.0,0.0,0.0,0.0,0.0,0.0,0.0,0.0,0.0,0.0,0.0,0.0,0.0,0.0
2020-04-20,80128.32,29888.4,25851.43,13931.871,3678.9521,962.9472,1975.2764,1462.9391,1216.0295,1685.1576,814.80145,839.49243,277.77322,1086.402,1080.2292,2141.9402,271.6005,1092.5747,191.35489,530.8555,401.228,524.6828,370.36432,543.201,259.255,407.40073,598.7556,74.07286,259.255,271.6005,135.80025,172.83669,129.6275,49.38191,290.1187,172.83669,0.0,148.14572,148.14572,49.38191,0.0,0.0,98.76382,0.0,74.07286,0.0,24.690954,0.0,49.38191,0.0,0.0,0.0,0.0,0.0,0.0,0.0,0.0
2020-04-27,94520.586,24542.387,23868.574,14632.135,4307.228,1264.6975,1549.7727,1337.2621,736.01245,1269.8806,621.98236,1026.2709,393.92218,253.97614,440.57083,948.52313,388.73898,310.99118,300.62482,290.25842,279.89206,82.930984,103.66373,20.732746,259.15933,62.19824,82.930984,103.66373,145.12921,295.44162,41.465492,0.0,165.86197,145.12921,0.0,103.66373,41.465492,0.0,62.19824,41.465492,207.32745,41.465492,20.732746,129.57967,20.732746,0.0,62.19824,20.732746,0.0,0.0,0.0,0.0,0.0,0.0,0.0,0.0,0.0
2020-05-04,112498.25,29294.016,28376.123,16590.78,5585.8896,996.4285,2302.0935,1933.9548,746.09424,1060.2391,898.2582,1153.501,942.4348,476.12595,235.6087,957.1604,490.85147,250.33426,358.3216,314.14496,358.3216,181.61505,215.97466,338.68753,535.02814,299.4194,78.53624,176.70653,215.97466,274.87683,137.43842,58.902176,137.43842,117.80435,19.63406,0.0,255.24277,201.2491,19.63406,19.63406,132.52989,19.63406,0.0,0.0,53.993664,24.542574,0.0,0.0,58.902176,0.0,78.53624,0.0,0.0,0.0,0.0,0.0,0.0
2020-05-11,111680.58,31764.475,30699.66,18276.82,5843.9834,1114.8062,2664.5366,2079.6382,1249.7826,1494.74,1959.6592,1744.6965,794.86176,364.93652,584.89825,819.8574,414.92783,464.91913,609.8939,759.86786,299.9478,159.97217,499.91306,204.96436,269.95303,119.97913,59.989567,179.96869,509.91132,269.95303,279.9513,119.97913,349.93912,19.996521,39.993042,0.0,139.97565,39.993042,139.97565,39.993042,179.96869,79.986084,0.0,0.0,0.0,19.996521,139.97565,19.996521,0.0,0.0,39.993042,0.0,0.0,0.0,0.0,0.0,0.0
2020-05-18,111012.64,41347.176,34506.215,23358.824,6215.32,2004.7946,4027.856,2854.2063,1735.3574,3310.8794,1913.46,1374.5858,1064.0481,694.143,328.80457,1082.3151,1054.9147,716.9766,379.0386,890.5124,853.9785,461.23975,584.54144,369.90515,411.0057,315.10437,168.96901,251.17017,461.23975,383.60535,315.10437,182.6692,127.86845,150.7021,77.634415,18.26692,219.20305,0.0,73.06768,95.90134,109.601524,59.367493,0.0,36.53384,0.0,114.16825,45.6673,0.0,0.0,0.0,0.0,0.0,0.0,0.0,0.0,0.0,0.0
2020-05-25,109455.56,40021.645,36254.305,21653.754,5760.8193,2546.7551,2567.8726,3361.8857,1423.3109,2572.096,1440.2048,2255.3354,650.41504,701.09674,464.58218,1203.6902,992.5165,743.3315,489.92303,519.48737,561.7221,456.13525,435.01785,553.27515,278.7493,206.95024,228.06763,291.41974,527.9343,523.7108,401.23007,67.57559,84.46949,118.257286,54.905167,253.40846,50.681694,84.46949,156.26855,118.257286,143.59813,67.57559,16.893898,50.681694,50.681694,160.49203,50.681694,0.0,0.0,0.0,0.0,0.0,16.893898,0.0,0.0,0.0,0.0
2020-06-01,96034.41,36338.793,32977.492,19949.584,6305.3086,2220.4487,2645.3967,2568.8296,1684.4784,2247.2473,2909.5535,2752.5908,1045.1422,646.9928,612.5376,1343.7543,903.4929,742.70184,229.7016,800.1272,842.2392,662.3063,421.1196,421.1196,424.94794,294.78372,482.37335,61.253757,486.2017,375.17926,310.09714,45.94032,199.0747,91.88064,65.082115,45.94032,91.88064,68.91048,141.64932,30.626879,107.19408,61.253757,30.626879,45.94032,61.253757,91.88064,84.223915,122.507515,0.0,34.45524,107.19408,0.0,15.313439,0.0,0.0,0.0,0.0
2020-06-08,111021.83,45262.066,38672.633,21117.34,7963.262,2475.0203,3257.5374,2931.7837,1696.0438,2839.7227,3724.923,2319.2249,1087.026,825.0067,895.82275,1356.127,1961.604,934.77155,262.01932,892.282,980.802,329.29453,693.9971,506.3346,757.7315,212.44809,757.7315,290.3457,357.62094,439.0594,357.62094,42.489616,346.99854,56.652824,276.18253,152.25446,212.44809,201.82568,315.13132,56.652824,0.0,106.224045,14.163206,159.33606,177.04007,70.816025,70.816025,31.867212,109.76485,28.326412,0.0,0.0,60.193623,28.326412,0.0,0.0,0.0
2020-06-15,113420.43,46613.746,43094.26,22393.5,7733.6924,3297.3105,3769.8665,3099.8247,2288.7214,3015.1877,3117.4573,2182.9255,1996.019,1604.5736,1022.69525,1484.6714,1248.3936,1121.4382,994.483,1378.8754,1072.0668,800.52356,451.39655,1181.3894,751.15204,673.56824,634.77637,366.75967,814.6297,313.86166,218.6452,169.2737,412.60464,243.33095,84.63685,162.22063,225.69827,380.8658,211.59212,0.0,42.318424,98.74299,0.0,126.95528,126.95528,141.06142,88.16338,0.0,45.84496,70.53071,0.0,0.0,0.0,28.212284,0.0,0.0,0.0
2020-06-22,114896.37,52213.797,42853.848,26844.402,8353.797,3651.578,3976.6948,3148.502,3080.0562,2950.0095,3993.8064,3110.857,2279.2417,2262.1301,1752.2098,1190.9551,2015.7257,1023.2631,1132.7762,1553.7173,1054.0637,756.32495,1054.0637,616.0112,965.0843,342.2285,694.7238,472.2753,424.3633,506.49814,379.8736,373.02902,102.66854,304.58334,27.378279,136.89139,88.9794,280.62735,331.9616,54.756557,41.067417,448.3193,116.35768,191.64795,95.823975,550.98785,58.17884,0.0,0.0,136.89139,30.800562,13.689139,0.0,13.689139,0.0,0.0,0.0
2020-06-29,100043.85,55227.67,45875.21,25990.908,7763.9204,4380.529,4332.391,5126.663,3974.797,3018.9202,4951.304,2836.6848,1808.6014,2530.6667,1409.7463,1279.0869,2069.9202,1017.7681,1059.0289,1151.866,1175.9348,873.35504,1021.2065,890.5471,759.8877,567.337,587.9674,618.913,646.4203,364.471,522.6377,82.521736,367.90942,306.01813,182.2355,123.78261,110.028984,151.28986,123.78261,326.64856,55.014492,144.41304,137.53622,123.78261,240.6884,0.0,13.753623,123.78261,61.891304,82.521736,41.260868,34.384056,0.0,0.0,0.0,41.260868,0.0
2020-07-06,111287.32,50455.965,41219.46,25602.389,9340.988,3569.9153,3984.3738,6007.9062,3625.6409,3883.3713,5015.296,2187.226,2131.5007,2357.8855,1407.0691,1626.4883,1421.0005,1058.7847,1104.0616,1232.9269,1062.2675,1191.1327,1236.4097,1501.1058,936.8851,487.5982,511.9781,320.42166,595.56635,355.25012,609.49774,153.24515,351.76727,498.04672,139.31377,219.41919,188.0736,139.31377,27.862753,438.83838,80.105415,114.93386,27.862753,195.03928,41.794132,55.725506,13.931376,13.931376,139.31377,125.38239,13.931376,121.89955,0.0,0.0,0.0,0.0,0.0
2020-07-13,114201.06,52957.535,44745.055,27675.982,9686.244,3476.126,4865.876,6871.7373,2271.909,3651.1575,4568.3223,2709.4878,2695.4854,1732.812,1267.2281,1498.2698,2030.3656,1501.7704,1197.2156,1550.7792,1281.2307,1095.6973,1211.218,595.1071,602.1084,581.1046,360.5649,273.04916,399.07184,224.04034,644.11597,304.55484,143.52585,245.04411,381.5687,143.52585,175.03151,413.07437,224.04034,56.010086,192.53467,14.0025215,84.01513,185.5334,87.515755,0.0,14.0025215,0.0,119.02143,42.007565,42.007565,56.010086,42.007565,0.0,0.0,0.0,0.0
2020-07-20,113217.25,54433.36,46090.82,27578.65,10790.146,4888.316,5432.994,9076.823,2850.9429,3102.5981,4991.736,2823.3643,3674.8552,1565.0884,1303.0912,1782.2703,1578.8777,1554.7465,1571.983,1499.5891,1513.3784,1130.7246,1061.7781,637.7563,727.3869,448.15308,406.7851,417.12708,489.52103,334.39114,717.0449,468.83707,237.86586,496.4157,496.4157,193.05055,530.88904,303.36514,817.0175,196.49788,141.34058,424.02176,151.68257,193.05055,0.0,55.1573,13.789325,0.0,27.57865,96.525276,0.0,68.946625,27.57865,0.0,0.0,0.0,0.0
2020-07-27,121460.51,56349.863,51772.19,25733.951,10382.526,4688.02,5283.218,9921.08,3373.903,4808.397,4815.0845,4223.2305,3330.4336,1752.1558,906.1722,1284.0226,1882.5643,1571.5901,1498.0264,1431.1501,1350.8987,936.2664,1240.5531,688.8246,819.23315,605.2294,675.44934,351.0999,558.4161,662.07416,377.85037,214.00375,287.56757,511.60272,26.75047,93.62665,364.47516,214.00375,401.25705,187.2533,40.125706,428.0075,0.0,53.50094,167.19043,200.62852,13.375235,0.0,26.75047,36.781895,96.97045,0.0,56.84475,0.0,0.0,0.0,0.0
2020-08-03,116744.45,66964.53,53629.332,26676.953,11082.608,5203.5796,5675.7383,7751.268,4003.5103,4033.02,3905.1438,3419.8699,3373.9656,2672.2856,1432.8698,2344.398,1245.9738,1219.7427,1029.5677,931.2014,1177.1173,1439.4275,806.604,570.5248,668.8911,744.30536,498.38947,652.49677,560.6882,239.35811,196.7327,249.19473,311.49344,222.96371,147.54951,131.15512,95.08746,137.71288,124.59737,239.35811,236.07922,85.25083,0.0,160.66502,68.85644,26.231026,0.0,0.0,0.0,55.74093,0.0,0.0,39.34654,0.0,0.0,0.0,0.0
2020-08-10,111268.29,68074.1,59001.3,25772.965,10217.234,4700.126,6479.625,5073.887,3310.9263,3661.534,3241.4663,3165.391,2183.0283,2589.8655,1289.9713,1971.3407,1554.5808,1253.5874,962.517,744.2142,1256.895,1534.735,1038.5923,644.98566,529.219,734.2913,261.30188,1207.2808,562.29517,267.9171,231.53331,238.14854,171.99617,66.152374,198.45712,291.07043,228.22568,211.68759,79.38285,654.9085,138.91998,52.921898,0.0,158.7657,158.7657,69.45999,39.691425,0.0,0.0,52.921898,39.691425,0.0,0.0,0.0,0.0,0.0,0.0
2020-08-17,110666.09,65896.805,52759.95,26571.24,9478.285,4884.6357,5316.21,7732.3716,3537.6008,5420.834,6748.2515,2043.4386,2282.1123,2435.7788,1229.3326,1765.5309,2033.6301,1592.2473,1503.9708,1023.35406,1170.4816,859.87897,1137.7866,575.4323,980.8505,591.7798,428.30472,653.9003,957.964,300.79416,631.01385,336.75867,411.9572,359.6452,101.35455,215.78711,163.47508,91.54605,261.56015,287.71616,343.29767,52.312027,68.65954,130.78008,52.312027,65.39004,26.156013,13.078007,52.312027,26.156013,0.0,13.078007,42.50352,0.0,0.0,0.0,0.0
2020-08-24,109847.21,58204.895,46496.1,29453.889,8152.0054,4475.126,4775.3516,6018.638,2871.5686,3980.637,3715.7322,1868.4623,2514.83,1419.89,1236.2227,1469.339,1720.1155,822.97107,1059.6194,639.3037,1017.2346,614.5793,1059.6194,536.87384,572.19446,999.57434,490.957,353.20648,487.42493,360.2706,317.88583,487.42493,533.3418,332.0141,109.494,427.37982,201.3277,127.15433,42.384777,328.48203,183.66737,56.513035,98.89781,0.0,14.128259,158.94292,56.513035,60.0451,144.81465,14.128259,14.128259,0.0,98.89781,0.0,28.256517,0.0,0.0
2020-08-31,105876.11,77361.25,52736.56,32008.527,9915.526,5040.636,5765.3696,6194.36,3279.176,4722.1436,3318.175,2434.195,1868.7078,1628.2133,1553.465,1920.7067,2609.6912,1078.9756,1582.7142,1517.7157,1715.9612,682.48456,1052.9762,594.7366,851.4808,623.9859,861.2305,389.99118,1049.7263,802.7319,181.9959,386.74127,341.24228,185.24582,162.49632,344.49222,168.99619,103.99765,367.2417,168.99619,90.99795,81.24816,77.99824,240.49457,142.99677,77.99824,201.49545,0.0,90.99795,25.999413,12.999706,12.999706,0.0,29.24934,12.999706,0.0,0.0
2020-09-07,105998.79,64167.633,47691.934,27531.938,9060.297,4052.059,6228.5366,5429.4917,2815.0444,4821.014,3259.7012,2136.358,2183.1638,1387.4625,859.22375,1835.4624,1504.4774,1150.0894,782.32825,702.0895,1046.4476,829.1342,862.5671,317.6119,578.388,337.6716,417.9104,625.194,778.985,347.70145,120.35819,411.22382,227.34325,327.64175,46.805965,347.70145,120.35819,106.98506,270.80594,334.3283,160.47758,93.61193,60.179096,267.46265,53.49253,40.119396,147.10446,0.0,66.86566,40.119396,60.179096,0.0,0.0,13.373133,110.32835,0.0,0.0
2020-09-14,104550.164,54470.418,45826.73,26958.145,7927.205,4602.438,4828.3247,6497.767,2890.6416,3547.1243,3190.6472,2124.745,2562.4004,1563.5583,1249.4348,1680.031,1715.3258,1387.0845,1157.6685,864.72186,1207.0812,1150.6095,755.30804,465.89096,871.7808,232.94548,448.2436,342.35925,716.4838,384.71298,494.12677,345.88873,254.12234,169.4149,211.76862,282.35815,240.00444,148.23804,494.12677,356.47717,141.17908,84.70745,0.0,14.117908,229.416,155.29698,14.117908,0.0,28.235815,0.0,84.70745,14.117908,0.0,14.117908,0.0,0.0,0.0
2020-09-21,103614.266,63187.5,48014.836,26027.19,8301.956,5850.372,5624.018,6073.243,3597.2822,4095.2603,4941.4746,2914.7388,2702.3147,2984.3862,2002.3594,1793.4176,1957.0887,947.20306,1765.5587,1170.0743,1166.592,1549.6521,1013.368,637.27264,787.0143,508.42517,672.0963,414.40134,891.4852,431.81317,950.6854,156.70639,198.49477,762.63776,309.93042,299.48334,839.24976,240.28313,90.541466,167.15349,69.647285,139.29457,41.788372,156.70639,153.22403,13.929457,135.81221,0.0,0.0,13.929457,41.788372,0.0,13.929457,0.0,0.0,69.647285,0.0
2020-09-28,99175.63,54426.324,42357.477,25689.992,6688.9243,6397.6543,3899.588,4153.164,2775.6294,3622.025,4900.185,2432.959,1891.54,1048.571,1048.571,1617.4038,2268.4773,973.18365,647.64685,1812.7258,1507.7493,829.2621,747.02124,435.19128,733.31445,178.18855,431.76456,486.59183,507.15204,277.56293,390.64413,137.06812,250.1493,318.68338,150.77493,140.49483,109.654495,30.840326,68.53406,239.8692,164.48174,109.654495,0.0,37.693733,178.18855,27.413624,13.706812,68.53406,113.0812,68.53406,137.06812,13.706812,0.0,0.0,0.0,13.706812,0.0
2020-10-05,94378.02,56395.023,46753.59,28429.955,7441.4194,3958.0625,5064.6177,5369.084,2969.3655,4144.671,4311.636,2743.471,1113.1028,1679.4757,1073.8168,1780.9645,2795.8523,1070.543,1149.115,1011.614,1280.0682,1165.4841,726.79065,563.09906,805.3626,510.71774,366.66916,504.17007,736.6121,248.81122,297.9187,196.4299,225.8944,248.81122,222.62056,144.0486,248.81122,104.76262,157.14392,176.78691,160.41776,75.29813,13.095327,26.190655,91.66729,39.28598,157.14392,26.190655,13.095327,0.0,39.28598,26.190655,0.0,0.0,0.0,0.0,0.0
2020-10-12,99510.37,52186.195,44675.477,29012.64,6543.63,4007.932,3934.8186,5078.043,2356.2385,3127.2502,3552.636,2891.2942,1535.3768,1322.684,1183.1042,1754.7164,2376.1785,1379.1805,1389.1505,990.3513,1133.2544,1256.2174,551.6722,392.15253,1209.6908,554.99554,521.76227,488.529,338.9793,551.6722,508.46896,119.639755,239.27951,192.75294,192.75294,375.5359,0.0,39.879917,39.879917,136.2564,422.06247,0.0,39.879917,225.9862,93.05314,66.46653,39.879917,0.0,0.0,0.0,39.879917,49.8499,96.37647,0.0,0.0,0.0,0.0
2020-10-19,93812.81,53665.77,45379.094,27814.111,7853.274,4042.789,4864.5225,3761.9436,2759.9143,3796.6157,2718.3076,3252.2607,2024.8617,1622.6632,1081.7755,2007.5256,1483.974,1203.1284,1307.1454,1189.2595,1449.3018,804.39716,696.913,530.486,603.29785,364.05905,447.27255,495.81375,710.7819,603.29785,523.5516,464.60867,426.46918,305.11615,156.0253,121.35301,100.549644,69.34458,235.77158,41.606747,346.7229,308.58337,180.29591,110.95133,83.21349,142.15639,76.27904,17.336145,0.0,41.606747,13.8689165,41.606747,13.8689165,41.606747,0.0,41.606747,0.0
2020-10-26,83561.055,41415.86,44069.25,20501.283,6407.7363,3532.0693,3452.1897,3802.9656,2358.186,2465.8499,2667.2854,1326.6967,1382.2651,1673.9994,1382.2651,1451.7257,1316.2776,524.4272,1337.1157,850.89185,736.2819,680.71344,760.5931,493.16995,406.34427,336.8837,684.18646,263.9501,541.79236,430.65546,736.2819,55.568447,138.92111,298.6804,55.568447,138.92111,236.1659,100.71781,520.95416,0.0,253.53104,104.190834,69.460556,13.892112,218.80075,45.14936,41.676334,0.0,90.29872,13.892112,55.568447,62.514503,13.892112,13.892112,0.0,72.933586,0.0
2020-11-02,86061.96,35477.64,34855.223,18713.686,6231.646,2849.6096,3190.8127,3760.7346,1773.507,2410.9197,1987.2277,2144.706,1672.2709,1256.0779,678.657,1267.3263,1469.7986,787.3921,828.6365,708.6529,438.68988,551.1745,1106.0984,262.46405,618.6652,307.4579,494.9322,333.70428,236.21764,453.68784,183.72482,104.98561,266.21353,127.48253,183.72482,119.98356,314.95685,266.21353,101.23613,112.48459,221.21968,74.98972,119.98356,0.0,44.993835,29.99589,0.0,0.0,14.997945,194.97328,0.0,44.993835,0.0,0.0,104.98561,0.0,0.0
2020-11-09,84070.88,40315.152,38285.82,22036.855,7024.069,3004.701,3858.5933,3297.6682,1861.414,2768.898,1761.3763,2465.2124,1400.5264,925.34784,1007.52155,918.2023,2229.4094,803.8736,850.31964,571.64343,546.63403,639.5261,546.63403,289.3945,778.8642,378.71378,310.83112,200.07521,418.01425,171.49303,428.73257,207.22075,232.23015,271.53064,239.37569,160.77472,142.91086,257.23956,175.0658,242.94846,203.64798,0.0,14.291086,0.0,135.76532,0.0,0.0,0.0,0.0,42.873257,0.0,164.34749,28.582172,0.0,0.0,0.0,0.0
2020-11-16,84161.766,42577.723,35083.71,20449.502,6888.0156,3688.664,4543.079,3255.8105,2807.9014,3982.2517,1945.9585,1656.1349,1400.1868,1046.3761,775.37225,1400.1868,1332.4358,1667.4268,1023.7925,895.8184,884.5266,1272.2128,944.7497,609.7588,779.13617,493.07654,346.28275,508.1323,609.7588,334.99094,414.03372,173.14137,579.6472,180.66927,127.97406,0.0,195.72504,173.14137,158.0856,278.53177,398.97797,18.819715,45.167316,0.0,90.33463,75.27886,0.0,60.223087,15.055772,45.167316,30.111544,45.167316,0.0,15.055772,0.0,0.0,0.0
2020-11-23,82603.56,59827.625,44895.293,22264.826,5606.5054,7804.287,4871.2905,6931.4653,5602.5737,4206.845,4623.5977,3019.4924,2292.1409,2201.7134,1812.4818,3200.3474,1946.1572,2779.663,2142.7388,857.0955,1183.4209,1659.1482,1250.2587,880.6853,817.77924,947.523,1210.9423,711.6252,912.13837,365.64166,782.39453,279.14578,727.3517,157.26523,334.18863,114.017296,235.89786,35.384678,188.71828,298.80396,389.23145,66.83772,133.67545,176.92339,0.0,19.658154,62.906094,31.453047,31.453047,129.74382,0.0,62.906094,0.0,15.726523,0.0,0.0,0.0
2020-11-30,74379.91,32729.219,29515.137,15287.12,5508.8057,1566.5896,2577.8857,2559.4985,1456.2664,2485.9497,1106.9095,1382.7177,838.4564,720.7783,518.5191,1070.1351,959.81195,1132.6516,452.32516,382.4538,544.26117,419.2282,316.2599,353.03427,647.2295,194.90434,382.4538,511.1642,426.5831,433.93796,441.29285,91.93601,224.32387,58.839046,172.8397,62.516487,165.48482,389.8087,69.87137,58.839046,77.22625,176.51714,88.25857,69.87137,73.548805,0.0,14.709762,73.548805,0.0,117.67809,0.0,165.48482,0.0,0.0,0.0,0.0,0.0
2020-12-07,75603.51,27838.111,27798.057,14760.207,5371.3535,1514.0729,2178.9832,1818.4896,1494.0454,2952.0415,905.2393,1133.5519,412.56482,336.46063,496.68,1033.4148,805.10223,1614.21,432.59222,332.45514,468.6416,604.82806,520.7129,340.46613,528.7239,208.28516,436.59772,476.65256,224.30708,244.3345,324.44418,32.04387,388.53192,80.10967,144.19742,64.08774,128.17548,52.07129,16.021935,96.13161,48.065804,16.021935,96.13161,48.065804,48.065804,16.021935,48.065804,16.021935,0.0,64.08774,0.0,104.14258,0.0,0.0,0.0,0.0,0.0
2020-12-14,75323.836,29193.93,28349.602,14243.26,5533.763,1810.3583,1958.6859,2133.6365,1597.375,2141.2432,1319.736,1179.0149,403.147,737.8351,684.5893,1277.9,943.2119,2266.7512,901.37585,521.0485,235.80298,718.8187,365.1143,581.9009,425.96664,251.01607,334.68808,76.065475,410.75357,190.16368,361.311,197.77023,178.75386,30.42619,136.91785,30.42619,30.42619,121.70476,98.88512,15.213095,30.42619,0.0,45.639286,91.27857,76.065475,53.24583,121.70476,15.213095,0.0,30.42619,0.0,182.55714,0.0,15.213095,0.0,0.0,0.0
2020-12-21,73883.82,37491.82,34432.68,14342.536,4961.434,2916.5737,2497.0107,2989.8953,2729.196,2700.6821,1991.9058,1959.3184,1393.112,843.1994,1828.9688,2415.5422,798.39166,2281.1191,961.32874,720.9966,680.26227,745.43713,806.5385,879.8602,533.61896,464.37067,1209.8077,171.08394,855.4197,464.37067,419.563,228.11191,167.0105,301.4336,313.65387,407.34268,48.881123,199.59792,252.55247,162.93707,114.055954,81.46854,162.93707,126.27624,32.587414,48.881123,32.587414,0.0,65.17483,32.587414,0.0,16.293707,0.0,85.54197,16.293707,0.0,0.0
2020-12-28,81078.62,44088.08,41470.402,17576.426,7277.2285,3924.476,3912.2249,3205.7375,3691.703,2560.5063,2160.2996,2948.4617,1613.0781,1225.1226,1368.0536,1723.3391,1253.7089,1363.9698,955.59564,837.1671,1131.1965,767.7435,833.0834,530.8865,735.07355,788.16223,624.81256,506.384,726.90607,465.5466,563.5564,65.339874,147.01471,363.45303,151.09845,306.28064,130.67975,375.70425,212.35458,114.34478,130.67975,147.01471,81.67484,147.01471,0.0,0.0,122.51226,183.76839,32.669937,102.09355,0.0,20.41871,36.753677,81.67484,0.0,0.0,0.0
2021-01-04,84524.33,28823.203,30524.285,15429.768,5984.829,2065.3042,2251.554,1746.61,2119.1096,2665.4426,1365.8324,1245.8047,922.9716,819.49945,571.16626,989.1938,1092.6659,1018.16595,463.55524,595.9996,1113.3604,612.5551,513.22186,968.4993,629.11066,219.36096,413.8886,389.0553,422.16638,405.61084,297.9998,115.88881,223.49985,103.47215,252.47205,165.55545,70.36106,409.74973,182.111,33.111088,33.111088,115.88881,16.555544,281.44424,78.63883,0.0,103.47215,82.777725,128.30547,0.0,0.0,49.666634,115.88881,0.0,0.0,0.0,0.0
2021-01-11,90919.195,34182.926,35951.574,17132.498,6500.0903,2051.7961,3422.396,2129.7644,1953.3099,2839.6858,1904.0669,1079.2448,1337.7711,1350.0819,1169.5238,517.0526,1263.9065,590.9173,582.7101,656.57477,853.5472,693.5071,549.88135,205.17961,311.87302,213.3868,217.49039,471.91312,541.6742,246.21555,262.6299,180.55806,180.55806,69.76107,172.35088,311.87302,32.82874,336.49457,32.82874,106.6934,180.55806,69.76107,0.0,98.48621,0.0,0.0,98.48621,49.243107,0.0,82.071846,0.0,65.65748,53.3467,65.65748,0.0,0.0,0.0
2021-01-18,84660.5,38323.164,34888.52,15494.927,7125.151,3152.76,3577.754,1977.5221,1708.6484,4037.441,2471.9026,1721.6586,1023.4544,1270.6447,802.2842,1049.4745,832.64087,598.46063,542.0839,455.3505,732.89746,589.7873,420.6571,364.2804,416.32043,138.77348,234.18025,143.11015,212.49689,234.18025,143.11015,69.38674,104.08011,108.41679,104.08011,242.85359,121.426796,121.426796,156.12016,17.346685,52.040054,121.426796,17.346685,86.73343,0.0,52.040054,56.376728,52.040054,34.69337,0.0,34.69337,104.08011,0.0,34.69337,0.0,0.0,0.0
2021-01-25,85065.76,38595.55,31950.91,15495.705,8500.235,2531.895,4505.8433,2502.3071,1479.4045,2874.2715,1944.3602,896.09644,634.0305,566.4006,672.0723,1065.1713,1044.0369,515.67816,743.92914,604.4424,731.2485,549.4931,477.6363,308.5615,304.33463,0.0,367.7377,541.03937,333.92273,219.79724,84.5374,50.72244,50.72244,185.98228,67.62992,101.44488,16.90748,33.81496,50.72244,33.81496,135.25984,0.0,80.31053,109.89862,59.176178,0.0,33.81496,0.0,84.5374,0.0,16.90748,185.98228,0.0,0.0,0.0,0.0,0.0
2021-02-01,89801.336,35007.98,38197.48,18327.543,6540.0854,1683.347,2968.0068,1731.6729,1119.5466,2323.6633,1719.5914,865.8364,930.27075,430.90463,692.6691,1095.3838,740.9949,434.9318,583.9362,821.53784,636.28906,805.42926,406.74176,149.00441,318.14453,84.57007,209.4116,277.87308,277.87308,120.814384,197.33015,64.43434,80.54292,16.108585,48.325752,225.52019,346.33456,100.67866,32.21717,80.54292,64.43434,16.108585,48.325752,16.108585,64.43434,32.21717,112.76009,16.108585,64.43434,0.0,0.0,0.0,32.21717,0.0,16.108585,0.0,0.0
2021-02-08,96959.195,56328.742,46633.92,26684.54,7836.343,3343.7988,4968.1387,3193.8035,2070.6675,4741.3164,2648.6985,1807.2611,1946.2811,1090.2101,1035.3337,1737.7511,1196.3044,837.77893,1156.0618,636.5657,1240.2054,614.6151,471.9366,299.9907,446.32764,175.60431,490.22873,545.10504,563.39716,376.8176,263.40646,270.72333,160.97063,252.4312,175.60431,285.35703,91.46058,146.33693,131.70323,296.33228,146.33693,43.901077,0.0,29.267385,73.168465,29.267385,160.97063,47.5595,58.53477,0.0,0.0,14.633693,0.0,0.0,0.0,0.0,0.0
2021-02-15,95119.43,52773.727,45704.902,21939.201,8159.061,4279.525,5051.1846,3334.419,2828.2385,4219.3496,2219.4062,2141.5322,2856.5564,1840.6559,884.9307,1341.5549,1426.5083,1111.473,665.4679,923.8677,828.29517,612.3721,952.1854,435.3859,923.8677,276.0984,417.6873,856.6129,424.76675,520.33923,495.5612,269.01892,470.78314,99.112236,258.39978,223.00253,155.7478,130.96974,116.81085,28.317783,70.79446,155.7478,0.0,0.0,0.0,28.317783,0.0,56.635567,14.158892,0.0,0.0,0.0,14.158892,0.0,31.857506,0.0,0.0
2021-02-22,96104.8,45208.28,43381.406,22642.201,7293.6675,3259.3145,5446.031,2902.935,2397.776,4882.052,2470.4358,1826.8768,2031.0165,906.51843,986.09827,1633.1172,1546.6173,557.059,304.47946,1121.0381,854.6185,588.199,629.71893,207.59964,871.9185,287.1795,314.85947,667.7789,525.91907,221.43962,359.8394,335.61942,58.819897,245.65958,41.519928,394.43933,110.71981,262.95953,83.039856,93.41984,238.7396,13.839976,58.819897,13.839976,124.559784,0.0,0.0,27.679953,169.5397,0.0,0.0,0.0,27.679953,0.0,27.679953,0.0,0.0
2021-03-01,90317.914,39167.254,37911.914,21354.738,7241.7983,2230.9355,4003.7947,2626.0698,1989.6587,3171.565,1779.8529,2122.5356,1129.4547,779.7784,730.82367,1227.3641,1402.2024,531.5081,384.64404,839.2234,562.979,353.17316,517.52106,356.66992,559.48224,318.20554,535.0049,377.6505,269.25082,153.85762,489.54697,27.974112,255.26378,279.74112,83.92233,73.432045,83.92233,97.90939,55.948223,185.32849,55.948223,111.89645,55.948223,13.987056,27.974112,69.93528,69.93528,55.948223,0.0,27.974112,13.987056,0.0,13.987056,0.0,0.0,0.0,0.0
2021-03-08,85278.15,39205.016,31545.697,19314.963,6245.4033,2655.6702,4311.3433,3267.39,1329.6665,3333.324,2205.1218,1945.0494,1150.1799,271.0615,523.80804,1326.0035,1512.8162,721.6097,553.112,802.1955,571.42694,553.112,421.24423,380.9513,604.39386,175.82367,432.23322,318.68042,487.1781,413.91824,135.53075,102.56381,212.45361,234.43156,43.955917,131.86775,234.43156,490.8411,208.79062,58.60789,106.22681,14.651973,102.56381,175.82367,175.82367,150.18272,29.303946,73.259865,29.303946,0.0,73.259865,80.58585,14.651973,0.0,0.0,0.0,0.0
2021-03-15,90843.516,47211.45,41297.277,22952.541,6760.3755,2591.117,4524.4175,5061.7886,2408.905,4595.449,2526.262,2075.3643,1050.0355,818.41003,747.3782,2513.9084,2875.2441,1550.3466,531.1944,1053.1238,1219.8942,1037.6821,525.01776,932.6786,463.25095,583.6962,2016.6858,132.7986,494.13434,373.6891,271.7739,367.51242,290.30392,203.83041,24.706717,160.59366,234.71382,151.32864,172.94702,67.943474,74.120155,12.353358,111.18023,89.56185,392.21915,74.120155,61.766792,12.353358,12.353358,126.621925,61.766792,111.18023,49.413433,0.0,0.0,0.0,0.0
2021-03-22,104466.82,63430.37,48647.477,36719.1,7753.288,3766.8547,5684.3013,4870.933,4224.568,5375.0356,4332.811,4001.8967,3281.3079,1169.0239,1877.2421,3720.4648,2130.8398,3197.8062,903.0555,2477.2173,1094.8002,1623.6443,1567.9764,1914.354,745.3301,865.9436,411.3232,173.18872,782.4419,522.6588,287.617,207.20795,371.11868,541.2148,148.44748,136.07686,219.57857,197.92998,179.37404,74.22374,361.84073,74.22374,179.37404,272.15372,98.96499,37.11187,12.370624,64.94577,12.370624,40.204525,37.11187,12.370624,37.11187,12.370624,0.0,0.0,0.0
2021-03-29,112244.66,72965.055,48965.75,29769.834,8507.347,5435.4126,7631.331,10391.662,4756.3535,9853.707,6793.531,7237.418,7390.28,2583.9524,2386.9958,1907.8328,2672.1418,1646.204,2072.4531,1505.1007,2572.1936,1084.7308,3365.8992,808.40375,908.3518,896.5932,282.2064,746.6711,1496.2819,676.1195,194.01689,543.83527,561.47314,714.33496,317.48218,132.28424,564.4128,238.11165,246.93059,249.87024,261.62885,47.034397,129.34459,176.379,58.793,11.758599,141.1032,11.758599,0.0,0.0,47.034397,0.0,11.758599,23.517199,0.0,0.0,0.0
2021-04-05,102368.555,74786.15,56865.336,24366.947,10951.437,8943.674,9743.736,4596.5615,8606.004,3051.192,9336.1,3090.7388,1511.9067,3215.4636,1636.6313,1423.6868,2786.5322,1633.5894,3808.6665,2080.773,1195.5319,1228.9946,803.10535,833.526,845.6943,559.7401,657.08624,1849.576,511.06705,970.419,778.76886,404.59476,209.90254,401.55267,441.09955,66.925446,48.673054,316.37485,520.19324,152.10329,152.10329,112.556435,60.841316,255.53352,0.0,63.88338,146.01917,48.673054,36.50479,112.556435,48.673054,176.43982,0.0,36.50479,0.0,0.0,0.0
2021-04-12,96477.12,50506.08,46089.562,24899.031,6297.275,6359.655,5807.591,3340.4563,2392.2783,4254.325,2208.2568,2145.8767,1216.4126,1054.2242,701.77655,1537.6704,1175.8656,1316.2208,848.3699,1091.6523,1347.4109,863.9649,389.87585,177.78339,723.60956,339.97174,792.2277,243.28253,723.60956,346.20975,626.92035,436.66095,374.28082,237.04453,180.90239,283.82962,87.33219,261.99658,143.47432,143.47432,174.66438,0.0,74.85616,143.47432,171.54538,99.80822,24.952055,49.90411,12.4760275,0.0,0.0,0.0,0.0,0.0,0.0,0.0,0.0
2021-04-19,92496.54,49404.934,39701.35,24044.303,7415.0015,3911.1055,4813.911,4712.898,1906.6245,3121.9397,2522.1738,3235.5796,1635.1515,887.02234,965.9389,1010.1322,1328.9552,1363.6785,1013.2888,1341.5818,1101.6754,609.23596,438.77615,315.6663,508.22275,271.47302,451.4028,353.54626,482.96945,1006.9755,176.77313,325.1363,492.43942,321.97964,138.89317,202.02643,296.72632,271.47302,227.27974,167.30315,315.6663,41.03662,145.2065,97.85655,50.506607,50.506607,0.0,50.506607,0.0,0.0,0.0,0.0,0.0,0.0,0.0,0.0,0.0
2021-04-26,96619.18,48315.773,42083.074,24448.498,7515.7183,3697.5725,4479.7515,3784.138,2222.8718,3502.8008,2179.589,2423.827,1604.5486,704.8884,976.9506,1174.8141,757.44586,1072.7908,927.48474,967.6758,1054.241,735.80457,593.5903,139.12271,414.27652,324.61966,411.1849,364.81067,451.37592,343.16937,250.42088,284.42865,565.7657,386.452,61.832317,309.1616,102.02332,284.42865,200.95503,12.366464,197.86342,0.0,117.48141,111.29817,37.099392,12.366464,12.366464,207.13826,37.099392,114.389786,0.0,0.0,0.0,12.366464,0.0,0.0,0.0
2021-05-03,97472.73,51002.695,39668.11,25389.938,7499.7065,2955.3184,4799.4604,3098.9795,2867.3623,4858.0977,1688.7533,2480.3564,1190.3365,882.49084,882.49084,1586.1381,932.3325,1163.9497,1228.4507,853.17224,914.7414,603.96387,472.03,301.98193,345.95987,205.23044,263.8677,310.77753,474.96185,193.50298,225.75348,158.32062,304.9138,134.8657,82.09217,363.55106,11.727453,214.02603,120.2064,11.727453,23.454906,237.48093,93.819626,79.16031,20.523043,26.38677,35.18236,46.909813,23.454906,46.909813,58.637268,11.727453,23.454906,0.0,0.0,0.0,35.18236
2021-05-10,88876.86,55322.523,38984.934,23669.969,7237.748,3403.6646,5311.5483,4353.028,2878.615,3986.7139,3299.8757,2710.7212,1523.2544,1477.4652,827.2584,1706.4113,2084.9353,1034.8362,1159.9933,1144.7302,699.04865,598.3124,409.0503,338.84015,717.3643,305.2614,280.84048,354.10324,583.04926,122.10456,387.68198,262.5248,378.52414,149.5781,283.8931,225.89343,195.3673,216.7356,97.68365,283.8931,112.94672,24.420912,146.52547,54.947052,73.26273,213.68298,0.0,12.210456,24.420912,61.05228,0.0,36.631367,0.0,36.631367,0.0,0.0,48.841824
2021-05-17,86716.7,51530.094,36575.934,23798.771,7542.478,3804.6643,6196.749,4551.646,4647.5615,3880.2344,2778.6548,3066.4026,1717.7667,1287.5984,967.8787,1706.1405,1804.963,1110.2993,1366.0751,1273.0657,784.76654,587.12164,776.0469,409.8225,677.2244,470.8599,351.69165,741.1684,389.4767,360.4113,270.30847,212.17761,296.46735,183.11218,84.289734,311.00006,395.2898,273.215,69.75703,151.14021,34.878513,116.2617,107.542076,11.62617,87.19628,34.878513,159.85985,11.62617,0.0,95.91591,11.62617,34.878513,0.0,34.878513,0.0,46.50468,0.0
2021-05-24,97607.375,74287.1,47756.383,27745.256,8211.17,6736.1753,6966.4717,6950.022,5518.893,5239.2476,4164.53,3394.133,2023.3201,2393.4395,1362.5881,2072.6692,3026.7551,1535.3105,2714.2097,1990.4205,1590.1431,1296.7892,817.0046,1143.258,614.12427,430.4353,901.995,276.90424,690.8898,375.60278,359.153,180.94733,422.21042,452.36832,356.41138,230.29659,559.29175,441.4018,397.53577,230.29659,169.98082,164.49756,175.46407,32.899513,21.933008,16.449757,389.3109,131.59805,0.0,10.966504,32.899513,134.33968,0.0,21.933008,0.0,10.966504,0.0
2021-05-31,92301.96,56327.27,41289.35,25421.107,8165.371,3937.9863,5595.9434,6126.057,4024.5354,5320.068,3713.4995,2344.941,1831.0554,1822.9414,1319.8745,1668.7758,2856.1218,960.1546,1084.569,1679.5945,1187.3462,1176.5275,754.6004,673.4606,762.71436,365.1292,443.5644,551.75085,689.68854,673.4606,357.01523,275.87543,408.4038,200.14491,227.19151,281.28473,273.17075,348.90125,183.91695,67.61652,216.37288,189.32626,119.00508,110.8911,64.911865,32.455933,10.818644,35.16059,0.0,0.0,75.73051,64.911865,29.75127,0.0,0.0,10.818644,0.0
2021-06-07,101114.34,56483.117,43034.754,28029.068,8228.384,6626.323,5415.6914,6293.6094,5292.671,5289.875,6984.2007,3534.039,3394.2434,2586.2234,1543.3462,2298.244,2566.6519,1822.9379,1627.2238,1526.5707,3019.5903,1487.4279,1104.3872,654.24457,760.48944,522.8365,517.2446,528.42834,712.95886,710.1629,612.30585,273.99988,254.42845,229.2652,150.97952,254.42845,313.1427,167.75502,511.65283,123.02035,167.75502,248.83662,178.93869,106.24485,95.06118,100.653015,89.469345,55.918343,0.0,178.93869,0.0,100.653015,0.0,44.734673,0.0,0.0,0.0
2021-06-14,106707.625,58192.05,43307.67,28477.654,10201.072,6278.838,4454.985,8861.044,4792.031,5906.4565,5914.611,4199.4824,3367.7402,2886.6345,1696.1016,2563.1792,3066.0298,2788.7825,1187.8147,1951.6041,1793.9536,1185.0967,964.9296,1655.33,1027.4462,796.4067,1125.2982,1149.7612,565.3672,695.83655,630.60187,448.4884,549.05853,209.29459,456.64273,394.1262,198.42215,233.7576,119.59691,296.27417,54.362232,130.46936,220.16704,119.59691,271.81116,76.107124,258.2206,176.67725,43.489784,198.42215,21.744892,0.0,0.0,10.872446,0.0,0.0,0.0
2021-06-21,105753.664,64447.258,44815.816,31260.45,11329.29,6863.5117,6909.8315,6710.9287,4329.5435,5868.9976,6084.2485,5340.4062,3855.4463,3302.3328,1640.2676,2999.8914,3482.1628,3138.851,1493.134,1702.9357,2563.94,1321.478,1144.3728,1242.4618,907.3241,969.9921,1346.0004,760.1905,1021.7614,525.8665,621.2309,261.57092,738.3929,768.36456,452.2997,207.07698,160.75713,196.17819,174.38062,108.987885,54.493942,155.30772,163.48183,122.61137,179.83,10.898788,196.17819,65.39273,117.16197,73.56682,0.0,0.0,10.898788,0.0,0.0,0.0,0.0
2021-06-28,103376.46,65962.516,47710.74,27509.29,9869.012,8684.401,8237.431,7431.2373,5720.1333,7118.632,5558.346,4678.1147,3422.2083,3320.7485,2147.1064,2451.4856,3254.9368,3364.6228,2594.0776,3049.2751,1850.954,1121.541,937.81665,2155.333,1154.4468,830.8726,803.4511,940.55884,2053.8733,488.1034,446.9711,285.18402,726.6708,189.20862,213.88802,213.88802,186.46648,255.02032,274.2154,233.08308,76.78031,43.874462,205.66154,76.78031,54.84308,131.62338,43.874462,27.42154,200.17725,32.905846,10.968616,10.968616,148.07631,21.937231,0.0,0.0,0.0
2021-07-05,109601.03,68052.59,49761.22,33796.082,11336.745,9361.181,8368.044,8054.8447,5265.4966,8052.168,6694.9707,6116.7563,3886.8843,3509.4387,1533.8737,2832.1787,3983.2532,2007.6881,2628.733,2435.9949,2253.9646,998.49023,1084.1516,1252.7974,1124.3053,618.3679,800.3983,1359.874,744.18304,527.3527,412.2453,425.62988,679.937,741.50616,182.03038,139.1997,396.18378,575.53723,439.01447,168.6458,112.430534,133.84587,152.58429,53.53835,198.09189,88.33828,82.98444,10.70767,42.83068,133.84587,10.70767,0.0,0.0,0.0,0.0,0.0,0.0
2021-07-12,106088.47,63767.07,46080.355,31132.008,10717.533,6144.7544,6950.624,9235.6875,5399.8555,6780.9673,5322.9795,6693.488,4535.6665,3027.3123,1457.9874,1977.5612,3401.0872,1500.4016,2335.431,2619.0757,1974.9103,1261.8219,1852.9695,1245.9165,1041.7983,477.15955,1078.9108,668.0233,866.83984,742.24817,702.48486,188.21292,318.10635,251.8342,278.34305,349.917,911.9049,564.6388,447.9998,140.49698,198.81647,212.0709,159.05318,71.57393,119.28989,63.62127,55.668613,79.52659,10.603545,31.810635,31.810635,21.20709,148.44963,0.0,0.0,0.0,0.0
2021-07-19,107174.97,68964.445,49655.234,34554.973,11080.974,7744.99,6775.892,11938.353,6219.895,6848.6396,8947.919,6926.583,6817.462,3930.953,2543.5576,2049.9153,3665.9448,1535.4878,2761.7996,2616.305,3008.6208,2353.895,2426.6423,2322.7175,1140.5739,940.5188,1221.1155,1522.4972,1309.4515,1215.9193,535.21234,384.52148,555.9973,594.96906,293.58734,127.30779,353.3441,426.09137,426.09137,135.10214,135.10214,20.784945,457.2688,62.354836,31.177418,96.13037,116.91531,23.383064,0.0,124.70967,51.962364,0.0,51.962364,0.0,0.0,0.0,0.0
