blA,blB,blBoth,date,siteA,countA,siteB,countB,blA_null,blB_null,blBoth_null,value,value_turn,value_null,value_turn_null,file,connectivity
1.8733652999999528e-06,0.0,0.0,2019-12-01,0,1,1,0,1.8733652999999528e-06,0.0,0.0,0.0,,0.0,,sim_0,0.5
0.0029768217499756,0.0021290504304185,0.0009977505777217,2020-01-01,0,327,1,194,0.0030049556784199,0.0021364790637482,0.0010333131394956,0.3908247376630118,0.4686364228232807,0.4019551706144681,0.4836523591683768,sim_0,0.5
0.1003151123073194,0.1017498066006931,0.0251484049723478,2020-02-01,0,3962,1,4083,0.1009549391097567,0.1041572714621233,0.0281956966362155,0.2489141124372645,0.2506940818179491,0.2749294794064398,0.2792899177083509,sim_0,0.5
0.0633832203569345,0.0621430469238653,0.0074393989339212,2020-03-01,0,687,1,680,0.0643186009901096,0.0626596138344731,0.0088913464777042,0.1185313495744992,0.119714100002783,0.140045227285442,0.1418991585424116,sim_0,0.5
0.0173791930779532,0.016653953106361,0.0014219409470714,2020-04-01,0,98,1,96,0.0175516180025251,0.0164185421680486,0.0013589549333308,0.0835621214313034,0.085381587061655,0.0800087445279715,0.0827695248105191,sim_0,0.5
0.0035826142990716,0.0053054769321601,0.0001554816571319,2020-05-01,0,13,1,20,0.0036140677598086,0.0053917013718651,0.0002731595575739,0.0349865124213913,0.0433989383596962,0.0606632378823219,0.0755823010879188,sim_0,0.5
0.0011180088619171,0.0014287846732308,8.095436629208386e-05,2020-06-01,0,3,1,4,0.00112692392346,0.0014472047608994,0.0001082895155036,0.0635735603808032,0.0724094137798386,0.0841368313570507,0.0960930132454389,sim_0,0.5
0.0004492146884999,0.0004324934564999,5.484621377991139e-05,2020-07-01,0,1,1,1,0.0004492146884999,0.0004324934564999,5.484621377991139e-05,0.1244089988074487,0.1268139736119023,0.1244089988074487,0.1268139736119023,sim_0,0.5
0.0317052479597587,0.0318420687833753,0.0093603782458517,2020-01-01,0,2172,1,2162,0.0324913700620221,0.0324743631265047,0.0107787946912445,0.2945955462978098,0.2952311950921258,0.3318301560598138,0.3319170463560893,sim_1,0.5
0.1101059274538408,0.1091124182473732,0.0236926054811832,2020-02-01,0,2589,1,2626,0.1106337175657968,0.1106481815651924,0.0257561589109587,0.2161553167952038,0.2171394041278486,0.2327904723532061,0.2328056896003777,sim_1,0.5
0.0437268342154729,0.0430083393010819,0.0033476504505121,2020-03-01,0,361,1,350,0.0439341013508537,0.0431666746112883,0.0037132528960994,0.0771924541056738,0.0778372405192577,0.0852633711946124,0.0860212867805297,sim_1,0.5
0.0088360671660326,0.0100647715077392,0.0006378975603364,2020-04-01,0,42,1,49,0.0086803834433457,0.0102616966838214,0.0006791390137318,0.067499392100698,0.0721924752664478,0.071706909607861,0.0782383656395314,sim_1,0.5
0.0014627555885388,0.0011877575020047,0.0002238728157096,2020-05-01,0,5,1,4,0.0014627555885388,0.0011877575020047,0.0002238728157096,0.1689279079649786,0.188483604887194,0.1689279079649786,0.188483604887194,sim_1,0.5
0.0007244879264974,0.0,0.0,2020-06-01,0,2,1,0,0.0007244879264974,0.0,0.0,0.0,,0.0,,sim_1,0.5
0.0,0.0005531117526,0.0,2020-08-01,0,0,1,1,0.0,0.0005531117526,0.0,0.0,,0.0,,sim_1,0.5
6.080448e-07,0.0,0.0,2019-12-01,0,1,1,0,6.080448e-07,0.0,0.0,0.0,,0.0,,sim_2,0.5
0.0646408551387741,0.0640383183823511,0.0170283377221756,2020-01-01,0,3446,1,3374,0.0649595774839138,0.0657532821350162,0.0190620238199802,0.2646634611680974,0.2659085708732255,0.2916625628962934,0.2934443935492141,sim_2,0.5
0.0880200073684605,0.0914084722950956,0.0145127971124621,2020-02-01,0,1408,1,1465,0.0885683269734769,0.092106795870934,0.015759440293317,0.1617669295272959,0.1648806623215805,0.1744505834030995,0.177935395551013,sim_2,0.5
0.0280433922348674,0.0282364242519849,0.002000627901783,2020-03-01,0,194,1,198,0.0281357637398088,0.0281142193239608,0.0019707944787003,0.0710957507208786,0.0713404385969958,0.0700727136741049,0.0700995626444711,sim_2,0.5
0.0073851866522556,0.0076734157716256,0.0004188160588395,2020-04-01,0,33,1,34,0.0071914138658266,0.0079535986611893,0.000505226161974,0.0556248245421908,0.0567102875743276,0.0667184871683464,0.0702540795732668,sim_2,0.5
0.0003282707774999,0.0024064679209642,1.048991846004532e-05,2020-05-01,0,1,1,8,0.0003282707774999,0.0024064679209642,1.048991846004532e-05,0.0076716056754791,0.0319550784871349,0.0076716056754791,0.0319550784871349,sim_2,0.5
0.0,0.0003744605897999,0.0,2020-06-01,0,0,1,1,0.0,0.0003744605897999,0.0,0.0,,0.0,,sim_2,0.5
0.0005274840461999,0.0,0.0,2020-08-01,0,1,1,0,0.0005274840461999,0.0,0.0,0.0,,0.0,,sim_2,0.5
0.0535554740056456,0.0532872996335509,0.0146951412933993,2020-01-01,0,3026,1,2943,0.0542368112868328,0.054340553559134,0.0164297325001696,0.2750797418087284,0.2757719267903548,0.3026364200950669,0.3029258562654175,sim_3,0.5
0.0997980713121106,0.1040130314092902,0.0175709175897376,2020-02-01,0,1783,1,1876,0.1012615603338213,0.1054537117963397,0.0204750869984977,0.1724235564708771,0.1760647010380184,0.1980994126607672,0.2021999950524079,sim_3,0.5
0.0360055268382178,0.031998096669118,0.002183061212472,2020-03-01,0,264,1,237,0.0357597062760258,0.0324343835999564,0.0023735275811186,0.0642042614754668,0.068224720834068,0.0696109467971536,0.0731793645408401,sim_3,0.5
0.0071818317272868,0.0098114010934207,0.0004320330987627,2020-04-01,0,33,1,45,0.0078629636054574,0.0093586353251815,0.000660399208694,0.0508476642815445,0.0601563939630123,0.0766942966624467,0.0839885877426277,sim_3,0.5
0.0023685508007067,0.0018575086119101,4.7839146971118686e-05,2020-05-01,0,8,1,6,0.0018246604152933,0.0023904491190322,3.6889268679798576e-05,0.0226400730800401,0.0257544684661918,0.0175033499743684,0.0202170597721156,sim_3,0.5
0.0,0.0004417272732,0.0,2020-07-01,0,0,1,1,0.0,0.0004417272732,0.0,0.0,,0.0,,sim_3,0.5
0.0437155755165651,0.0423595057738492,0.0115657947175558,2020-01-01,0,2746,1,2641,0.0440958290212849,0.0436160302452459,0.0132025726936724,0.2687373521851975,0.2730389438277152,0.3010441872758307,0.3027000077594515,sim_4,0.5
0.1006908421215511,0.1043687062699228,0.0193665133411134,2020-02-01,0,2054,1,2156,0.1006563260448754,0.1063602000575818,0.0213234910520966,0.1888867257635946,0.1923363925960094,0.2060076212615334,0.2118445197631202,sim_4,0.5
0.0372535799661931,0.0385677246918598,0.0029878502366601,2020-03-01,0,286,1,300,0.0374336684422724,0.0384172064783388,0.0030174204992182,0.0788129471033254,0.0802030365771971,0.0795619167841224,0.0806071278819902,sim_4,0.5
0.0086232978495357,0.008814547128035,0.0004740704950863,2020-04-01,0,41,1,42,0.008628412537754,0.0088941320716157,0.0005587701268853,0.0543726011667246,0.0549755445489845,0.0637772811360436,0.0647593197984445,sim_4,0.5
0.002416162153502,0.0018503031808304,5.051366257348122e-05,2020-05-01,0,8,1,6,0.0024070679366376,0.0018588025505213,4.991881539997883e-05,0.0236793966973058,0.027300208472219,0.0234038119770598,0.0268553620103317,sim_4,0.5
0.0003983816249999,0.0004184911521,1.2412414909452763e-06,2020-06-01,0,1,1,1,0.0003983816249999,0.0004184911521,1.2412414909452763e-06,0.0030390080946309,0.0031157096940534,0.0030390080946309,0.0031157096940534,sim_4,0.5
0.0202186780815002,0.0180753676132311,0.0056567016294322,2020-01-01,0,1635,1,1412,0.0203494179882369,0.0187499059315602,0.006461979854498,0.2954350488076288,0.3129508483850458,0.3305417693540275,0.3446406546296893,sim_5,0.5
0.1065172953689839,0.1142959837768462,0.0254764215204876,2020-02-01,0,3062,1,3249,0.1076145836087257,0.1149119924979058,0.027189718481289,0.2307508100874898,0.239176383818566,0.2443727752163866,0.2526583067974104,sim_5,0.5
0.0486432667184728,0.053111961146639,0.0048598786057435,2020-03-01,0,422,1,481,0.0483988395683786,0.0535487864426404,0.0050522767516507,0.0955209615801929,0.0999085574139282,0.0991151427323021,0.1043883860998944,sim_5,0.5
0.011592572280758,0.0116807848817641,0.0005075267446284,2020-04-01,0,57,1,59,0.0112452394608752,0.0121953154958733,0.0006747245388547,0.043614399167622,0.0437803390254343,0.0575689901625382,0.0600009044896079,sim_5,0.5
0.0018995544940902,0.001788939525643,5.163537783533326e-05,2020-05-01,0,7,1,6,0.0018956854688149,0.0017859246851738,4.475151209078668e-05,0.0279980813627924,0.0288636799037525,0.0243108369539353,0.0250578943570795,sim_5,0.5
0.0003735260664,0.000399418065,1.7156090240632224e-05,2020-06-01,0,1,1,1,0.0003735260664,0.000399418065,1.7156090240632224e-05,0.0443915401998282,0.045930101762323,0.0443915401998282,0.045930101762323,sim_5,0.5
0.0,0.0004508185794,0.0,2020-07-01,0,0,1,1,0.0,0.0004508185794,0.0,0.0,,0.0,,sim_5,0.5
0.0063152407729678,0.0070519070640584,0.0021843455415011,2020-01-01,0,588,1,688,0.0067123537575833,0.0070095415158867,0.0025390929779449,0.3268229794617238,0.3458847603801818,0.370079049189952,0.3782716271585634,sim_6,0.5
0.107611905560031,0.1058952587440499,0.0258384645458748,2020-02-01,0,3870,1,3829,0.1101374185812385,0.1062449640786753,0.0287136829017079,0.2420383843333259,0.2440002022028835,0.2653976035270576,0.270259236761991,sim_6,0.5
0.059694008320089,0.0538158062952489,0.0061692431502992,2020-03-01,0,604,1,538,0.0607810295527739,0.0535231107862284,0.0069635688739637,0.1086997308771162,0.1146362672047141,0.1218428108257709,0.1301039639077827,sim_6,0.5
0.0120493504449731,0.0150338313560381,0.0004692753794815,2020-04-01,0,67,1,81,0.0120887598355357,0.0150142899766351,0.000489143390641,0.034654375762009,0.0389461142843017,0.03609508110939,0.0404626609590837,sim_6,0.5
0.00367164254324,0.0024434489115276,0.00010576621617,2020-05-01,0,15,1,9,0.0036131337453512,0.0027354994666562,0.0003393079734098,0.0345918673342424,0.0432856261782508,0.1068916606390363,0.124038764235097,sim_6,0.5
0.0007328564563118,0.0007933384204501,4.540051616224448e-05,2020-06-01,0,2,1,2,0.0007482005947501,0.0007733421714377,4.0748405588168353e-05,0.0594950446414387,0.0619500800889805,0.0535619589454723,0.0544618727572328,sim_6,0.5
0.017955076375189,0.0181045850269501,0.0054435057617259,2020-01-01,0,1438,1,1475,0.0182526401751334,0.0186945427634236,0.0063310272981439,0.3019166320515153,0.3031736344629518,0.3427069018318594,0.3468554267984211,sim_7,0.5
0.1109030509872975,0.1106321504639397,0.0267087943250076,2020-02-01,0,3256,1,3210,0.1117422673088816,0.1116481304473632,0.0285639906300155,0.2411246081890659,0.2414198242825746,0.2557315884381336,0.2558393993303994,sim_7,0.5
0.0499076520792888,0.0496090872809037,0.0047555646416864,2020-03-01,0,441,1,443,0.0502324757848719,0.0496448340524129,0.0051161351187788,0.0955731602996774,0.0958607566141825,0.1024483964799163,0.1030547330136586,sim_7,0.5
0.0108502252382562,0.0093323721905643,0.0005123887498442,2020-04-01,0,55,1,49,0.0107039365826962,0.0095591070835431,0.0005928349872631,0.0507753029956998,0.0549044486633696,0.0585139130160279,0.0620178205016419,sim_7,0.5
0.0024555348762155,0.0034732771306937,9.31377592283669e-05,2020-05-01,0,9,1,12,0.0027874959325205,0.003145195739514,9.70174243536845e-05,0.0314186920144628,0.0379297236339434,0.0327060395911024,0.0348045079534724,sim_7,0.5
0.0007553319919903,0.0007230706799229,2.676750445540778e-05,2020-06-01,0,2,1,2,0.0004164597297,0.0010607543459675,2.5578908209614053e-05,0.0362113853876694,0.0370192087698239,0.0346312814519512,0.0614198838097503,sim_7,0.5
0.0,0.0009096847508727,0.0,2020-07-01,0,0,1,2,0.0,0.0009096847508727,0.0,0.0,,0.0,,sim_7,0.5
1.2955499999998573e-07,0.0,0.0,2019-12-01,0,1,1,0,1.2955499999998573e-07,0.0,0.0,0.0,,0.0,,sim_8,0.5
0.0474899743425771,0.0471341358209047,0.0134530798890032,2020-01-01,0,2786,1,2787,0.0490039313382863,0.0474120288959187,0.0152449299597265,0.2843478235253239,0.2854211635516319,0.3162324976631437,0.3215413960282725,sim_8,0.5
0.1068118047839129,0.1043262129428075,0.0199373369369329,2020-02-01,0,2073,1,2055,0.1081964638014373,0.1050562811118498,0.0220520641234996,0.1888559639954389,0.1911057286040157,0.206816227687634,0.2099071458661438,sim_8,0.5
0.0325503855577762,0.0353771364150986,0.002473723588229,2020-03-01,0,248,1,260,0.0325827176314195,0.0356177068125333,0.002746626059307,0.0728342067068747,0.0759967522915594,0.0805457174702555,0.0842970218254139,sim_8,0.5
0.0063627871714015,0.0082544090940422,0.0002807833890329,2020-04-01,0,29,1,37,0.0060272782227591,0.0086120131361395,0.0003028784824878,0.0384182279465991,0.0441289927620112,0.0413788447900185,0.0502512861185313,sim_8,0.5
0.0014941872046768,0.0023717923976708,5.386858365874531e-05,2020-05-01,0,5,1,8,0.0015094955779934,0.002368591051412,6.597561071654381e-05,0.0278680123537291,0.036052098083918,0.0340248256530864,0.0437070579592183,sim_8,0.5
0.0011288578187809,0.0,0.0,2020-06-01,0,3,1,0,0.0011288578187809,0.0,0.0,0.0,,0.0,,sim_8,0.5
0.0004368275030999,0.0,0.0,2020-07-01,0,1,1,0,0.0004368275030999,0.0,0.0,0.0,,0.0,,sim_8,0.5
0.041130830786361,0.0409968304446465,0.0118587536237216,2020-01-01,0,2566,1,2553,0.0424856864884604,0.0417344384222179,0.0139512173033924,0.2887882948563575,0.2892602548807571,0.3313036478677443,0.3342854925290019,sim_9,0.5
0.1039956561529023,0.1074869404343427,0.0217131058746571,2020-02-01,0,2194,1,2248,0.1062585218913982,0.1078681865661847,0.024357217744995,0.2053417749266154,0.2087885848110124,0.2275028455856553,0.2292260169955065,sim_9,0.5
0.0362859266020656,0.0403883216288047,0.0031454546126867,2020-03-01,0,277,1,309,0.036348080381236,0.0402657771740372,0.0030850639370895,0.0820472240749104,0.0866852498265182,0.0805354027465288,0.084875567147754,sim_9,0.5
0.0113097065671851,0.0085487184004569,0.000453980755959,2020-04-01,0,54,1,40,0.010710751767258,0.0094665631548996,0.0007728707104747,0.0457217283544632,0.0531051246154915,0.0766078849892993,0.081642164936569,sim_9,0.5
0.0041159508768592,0.0027452525509084,0.000121178797756,2020-05-01,0,14,1,9,0.004173205731905,0.0026983415707909,0.0001315226726843,0.035322898972991,0.0441412203463713,0.0382803659468984,0.048742039965593,sim_9,0.5
0.0,0.0007236586442529,0.0,2020-06-01,0,0,1,2,0.0,0.0007236586442529,0.0,0.0,,0.0,,sim_9,0.5
0.0009180865954046,0.0,0.0,2020-07-01,0,2,1,0,0.0009180865954046,0.0,0.0,0.0,,0.0,,sim_9,0.5
0.0399611230938816,0.0418511367097375,0.0099432731924679,2020-01-01,0,2362,1,2492,0.0437208251415948,0.0423943470638862,0.0142461855943298,0.2430753829887023,0.2488236671704146,0.3308635454002632,0.3360397454137342,sim_0,0.25
0.1038290324725879,0.1032368737261716,0.0182059247089547,2020-02-01,0,2232,1,2134,0.1093482174367405,0.1060055689507577,0.0264938048976936,0.175846666823839,0.176350988283941,0.2460491207711741,0.2499284250811448,sim_0,0.25
0.0471262080660237,0.0439788635603198,0.0046573908687174,2020-03-01,0,386,1,339,0.049168855580233,0.0437691769101419,0.0064903517327489,0.1022421866439913,0.1059006643573111,0.139670521504123,0.1482858986833036,sim_0,0.25
0.0118113666807657,0.0099176786640425,0.000728911983706,2020-04-01,0,57,1,49,0.0111031937109404,0.0114245753759801,0.0015276357258183,0.0670910269769625,0.0734962291477366,0.1356224595453006,0.1375852538997981,sim_0,0.25
0.0039733531514249,0.0034538927401355,0.0003126029582806,2020-05-01,0,14,1,12,0.0041856930988374,0.0032417840781465,0.0003128342437041,0.0841773553332433,0.0905074308324816,0.0842370124471296,0.096500641672299,sim_0,0.25
0.0007577677048412,0.0,0.0,2020-06-01,0,2,1,0,0.0007577677048412,0.0,0.0,0.0,,0.0,,sim_0,0.25
0.0252036675274601,0.0274484307177236,0.0066790990944798,2020-01-01,0,1707,1,1942,0.0268515062402724,0.0279994466572641,0.0088779537468325,0.2537068537469268,0.2650050468727518,0.3237119239629938,0.3306314985606739,sim_1,0.25
0.1088550285822936,0.1085254486668977,0.0210733733949679,2020-02-01,0,2809,1,2598,0.114965202149237,0.1107713929703345,0.0294294912653482,0.1938846915936316,0.1941790948927514,0.26074187262158,0.2656777212617494,sim_1,0.25
0.0559851282405796,0.0536459632017648,0.0052942352462582,2020-03-01,0,495,1,468,0.0578953774842022,0.0539069047886374,0.0074654260767534,0.0965827335403749,0.0986884181079267,0.1335469352680125,0.1384873812737819,sim_1,0.25
0.0137348984506694,0.013878125525453,0.0005454696243941,2020-04-01,0,67,1,69,0.0136278654932125,0.0145183048785558,0.0010786160200401,0.039508141148601,0.0397141359547212,0.0766438919251377,0.0791478328412747,sim_1,0.25
0.0044842483843347,0.0034693755613948,0.0002846665173156,2020-05-01,0,16,1,12,0.004194272651545,0.0035988733384884,0.0001241885616194,0.0715815882817741,0.0820512257258151,0.0318712267878187,0.0345076222303587,sim_1,0.25
0.0003910479483,0.001137340578666,7.828808630764989e-06,2020-06-01,0,1,1,3,0.0004010893244999,0.0011469347326678,2.7464338832579216e-05,0.0102445268236939,0.0200200734073637,0.0354830904667275,0.0684743700591293,sim_1,0.25
0.0004701732327,0.0004467989195999,7.828808630764989e-06,2020-07-01,0,1,1,1,0.0004701732327,0.0004467989195999,7.828808630764989e-06,0.0170753465328872,0.0175219954376205,0.0170753465328872,0.0175219954376205,sim_1,0.25
0.0128855437324914,0.0103887904964345,0.0030708403614457,2020-01-01,0,1106,1,862,0.0130491696461439,0.0113310874730145,0.0041767632516783,0.2638821227916544,0.2955917113257452,0.3426348812700691,0.368610979451482,sim_2,0.25
0.1068673610441409,0.106103304260208,0.0220818233620589,2020-02-01,0,3328,1,3482,0.1085072098970886,0.1131686985433377,0.0307870664981359,0.2073696237038335,0.2081162647668864,0.2777664628938215,0.2837329107193456,sim_2,0.25
0.0585159744958608,0.063710132471561,0.006656873727589,2020-03-01,0,578,1,625,0.0600239171356716,0.0650618461496182,0.0095165300454569,0.1089271988244433,0.1137616485915295,0.1521600827386257,0.1585456347999878,sim_2,0.25
0.0146040999926669,0.0172766059332047,0.0011564177472387,2020-04-01,0,78,1,94,0.0146365848166924,0.0175185054535843,0.0014308020916438,0.0725465584060557,0.0791844583246781,0.0889938158852866,0.0977551873994623,sim_2,0.25
0.004450842962195,0.005979286955797,0.0005951154403027,2020-05-01,0,17,1,23,0.0040015573347665,0.0062365359510343,0.0004030788081115,0.114114674502027,0.133708478451746,0.0787409914833606,0.1007304842565911,sim_2,0.25
0.0003919332408,0.0014884212141664,2.147963260034692e-05,2020-06-01,0,1,1,4,0.0003970506633,0.0015043394457167,4.251528665065908e-05,0.0228463655281745,0.0548043145217881,0.0447202143831972,0.1070777373781535,sim_2,0.25
0.0004818590937,0.0009731514493574,9.429756434942637e-06,2020-07-01,0,1,1,3,0.0004818590937,0.0009731514493574,9.429756434942637e-06,0.0129617705932596,0.0195695309235224,0.0129617705932596,0.0195695309235224,sim_2,0.25
0.0149050493690508,0.0125148310933434,0.0032596164530187,2020-01-01,0,1239,1,1035,0.0153802478234848,0.0135340997420342,0.0047540835561434,0.237755701195648,0.2604602833794914,0.3288390682425594,0.3512670696062747,sim_3,0.25
0.1070840614597208,0.1066839284403282,0.0211639975590542,2020-02-01,0,3217,1,3361,0.109935515411597,0.1123390555985734,0.0296705786691756,0.1980090430653327,0.1983803733932795,0.2669723174750205,0.2698907496643772,sim_3,0.25
0.0572401224605073,0.0631819545950616,0.0066836608461675,2020-03-01,0,550,1,603,0.0584337210816096,0.0649509928243911,0.0096462976965993,0.1110039123986098,0.1167653135399715,0.1563613091318302,0.1650810100408822,sim_3,0.25
0.0147357042499745,0.0150924715556237,0.0008339735663333,2020-04-01,0,78,1,82,0.014317696592346,0.0165510789325145,0.0018745732855955,0.0559185095172192,0.0565954332542172,0.1214543339489345,0.1309270156344606,sim_3,0.25
0.0046217900481495,0.0030889385222725,0.0001448905242642,2020-05-01,0,18,1,11,0.0050488972368836,0.002958739281534,0.0004417984722599,0.0375815392646769,0.0469062505516286,0.1103442872922125,0.1493198386952451,sim_3,0.25
0.0017955305464749,0.0018643608766114,4.809254156542317e-05,2020-06-01,0,5,1,6,0.0018117035093435,0.001867708517281,6.761314510362224e-05,0.0262808570014168,0.0267845855698978,0.0367521466007972,0.0373202043021484,sim_3,0.25
0.0,0.0004817623592999,0.0,2020-07-01,0,0,1,1,0.0,0.0004817623592999,0.0,0.0,,0.0,,sim_3,0.25
1.5848895000000628e-06,0.0,0.0,2019-12-01,0,1,1,0,1.5848895000000628e-06,0.0,0.0,0.0,,0.0,,sim_4,0.25
0.0168680209527423,0.0179728489145278,0.0043063785016492,2020-01-01,0,1290,1,1402,0.0183929328888708,0.0186323696157336,0.0064908111389836,0.2472026971803439,0.2552983846601854,0.3506148876529188,0.3528970163812785,sim_4,0.25
0.10986611631527,0.110666383369982,0.0214027726193945,2020-02-01,0,3200,1,3054,0.1150317787821715,0.1150196276766064,0.0309216793929207,0.1941008481737703,0.1948077654622608,0.2688240847461322,0.2688382845392378,sim_4,0.25
0.0583033597087567,0.0545562151604459,0.0048990240027217,2020-03-01,0,544,1,505,0.0594793440349713,0.0572348672656325,0.0087536604341228,0.0868162760385972,0.0897977249395698,0.1500016208236601,0.1529427926074553,sim_4,0.25
0.0141442995147576,0.016581793907632,0.0010681186587426,2020-04-01,0,72,1,89,0.0146303424195454,0.0167751472888792,0.0017475149447776,0.0695251846083576,0.0755158399769609,0.1112872278701548,0.1194445690104308,sim_4,0.25
0.0030023172064421,0.0030651310117584,9.578793388513164e-05,2020-05-01,0,11,1,11,0.0027808682834741,0.0032767373190365,8.594531819522695e-05,0.0315743721051615,0.0319046680609223,0.0283760032708652,0.0309059291682294,sim_4,0.25
0.0003643958937,0.0018822146810632,4.0280394371904674e-05,2020-06-01,0,1,1,5,0.0003624983448,0.0018841122299632,4.0280394371904674e-05,0.0358588131155296,0.110540198362023,0.0358588131155296,0.1111188366780776,sim_4,0.25
0.0008871092456121,0.0004792403553,2.916879225054161e-05,2020-07-01,0,2,1,1,0.0008871092456121,0.0004792403553,2.916879225054161e-05,0.0426959428700678,0.0608646411512699,0.0426959428700678,0.0608646411512699,sim_4,0.25
0.0,0.0005126957748,0.0,2020-08-01,0,0,1,1,0.0,0.0005126957748,0.0,0.0,,0.0,,sim_4,0.25
0.0165128248911041,0.0158779746828452,0.0039296330163941,2020-01-01,0,1316,1,1252,0.0173624859209684,0.0171091689830664,0.0060104883464795,0.2426388399225913,0.2474895630511207,0.3487206148478831,0.3513021791080754,sim_5,0.25
0.1099697471442906,0.108480803745083,0.0210362426447919,2020-02-01,0,3210,1,3230,0.1134778058837036,0.1145188110177408,0.0305823086568622,0.1925950065966644,0.1939167292143651,0.268269846039707,0.2695003522380773,sim_5,0.25
0.0535282138505295,0.0575985493618235,0.0052950492909429,2020-03-01,0,486,1,530,0.0534980494492383,0.059549749903201,0.0072160854310293,0.0952974627871523,0.0989207169461823,0.1276643238057628,0.1348850192730176,sim_5,0.25
0.015442764842844,0.0161300608103642,0.0010335152211177,2020-04-01,0,77,1,85,0.0157964326067416,0.0161864087975794,0.0014435309722305,0.0654686553854707,0.0669255299575865,0.0902690886017129,0.091383352695375,sim_5,0.25
0.0034481875564403,0.0034244653641948,7.012840028479559e-05,2020-05-01,0,13,1,13,0.0034276994874773,0.0037405579965274,0.0003657329636543,0.0204079563145796,0.0204786420146152,0.1020423623092347,0.1066992497418486,sim_5,0.25
0.0007334015028804,0.0007434084625408,4.022897158251538e-05,2020-06-01,0,2,1,2,0.0007393359855804,0.0007374739798408,4.022897158251538e-05,0.0544809048211436,0.054852589508634,0.0544809048211436,0.0545496826765321,sim_5,0.25
0.0008783417004612,0.0,0.0,2020-07-01,0,2,1,0,0.0008783417004612,0.0,0.0,0.0,,0.0,,sim_5,0.25
0.0335144699833322,0.0296788521767596,0.0078361771798344,2020-01-01,0,2171,1,1950,0.0334348046696951,0.033138517003638,0.0112161766930755,0.2480064953693208,0.2640323531774126,0.3369570996655947,0.3384634469866041,sim_6,0.25
0.1076860825628005,0.1100930519101109,0.0207386642471309,2020-02-01,0,2431,1,2646,0.1093057766856731,0.1172464473322861,0.0295117537921787,0.190455934149289,0.1925844431664285,0.2605293673024306,0.269992626986629,sim_6,0.25
0.0451691960952781,0.0479412907838724,0.0048296957350779,2020-03-01,0,367,1,407,0.0443357648881572,0.0503949646125367,0.0064499383566213,0.1037411766806999,0.1069245448798867,0.1361741515264921,0.145479352231593,sim_6,0.25
0.0137573178992182,0.0131566776860631,0.0009392715488847,2020-04-01,0,66,1,64,0.0148964677549315,0.0121251548915291,0.001046898610064,0.0697980012598625,0.0713912411094231,0.0774859914048288,0.0863410504384957,sim_6,0.25
0.0039606654311898,0.0037026010697446,0.0003519021248872,2020-05-01,0,14,1,13,0.0039872847555685,0.0034744786508342,0.0001503990303556,0.0918412859175336,0.0950418687454111,0.0403119268634562,0.0432867907591114,sim_6,0.25
0.0007695206124945,0.0011657000470691,4.146705805851014e-05,2020-06-01,0,2,1,3,0.0007695206124945,0.0011657000470691,4.146705805851014e-05,0.0428551213047311,0.0538868711054914,0.0428551213047311,0.0538868711054914,sim_6,0.25
0.0004756560002999,0.0,0.0,2020-07-01,0,1,1,0,0.0004756560002999,0.0,0.0,0.0,,0.0,,sim_6,0.25
0.0211411249223209,0.0174381641781165,0.0050426984982131,2020-01-01,0,1568,1,1273,0.021215601168749,0.0195054242708117,0.0071844348373364,0.2614199802948677,0.2891759962061462,0.3528611944215301,0.3683300982120845,sim_7,0.25
0.1076988382120081,0.1110479416096147,0.0220315247015427,2020-02-01,0,2896,1,3221,0.1089661885567739,0.1181960110700143,0.0304469445067085,0.2014340482589814,0.2045660386621174,0.2680634767292338,0.2794164401817633,sim_7,0.25
0.0600383811978125,0.0539768711487052,0.0064223852083206,2020-03-01,0,541,1,502,0.0608536284370452,0.0553282559969873,0.0085890172958354,0.1126583518633379,0.1189840217049092,0.1478546735177498,0.155237448588712,sim_7,0.25
0.0145547768554607,0.0131742415218721,0.000754754752186,2020-04-01,0,75,1,69,0.0148486116108426,0.0134266030798295,0.0013009510655253,0.0544378990929633,0.0572901863787018,0.0920205968200522,0.0968935372402398,sim_7,0.25
0.006496152324085,0.002554038374106,0.0003862102201076,2020-05-01,0,23,1,9,0.0060345815553298,0.0028532530030818,0.0002238540803282,0.0853485264536625,0.1512155118823585,0.0503731429420843,0.0784557415996577,sim_7,0.25
0.0,0.0015166172556241,0.0,2020-06-01,0,0,1,4,0.0003674862123,0.0011789352909114,2.980424758729825e-05,0.0,,0.0385460853013284,0.0811030362221245,sim_7,0.25
0.0004401406562999,0.0004315995269999,1.956465330862797e-05,2020-07-01,0,1,1,1,0.0004401406562999,0.0004315995269999,1.956465330862797e-05,0.0448864321811238,0.0453305717098897,0.0448864321811238,0.0453305717098897,sim_7,0.25
0.0,0.0005394549282,0.0,2020-08-01,0,0,1,1,0.0,0.0005394549282,0.0,0.0,,0.0,,sim_7,0.25
0.0294070791132423,0.0330342867405552,0.0076557461249281,2020-01-01,0,1916,1,2149,0.0322593567051857,0.0332809171521799,0.0107546541284962,0.2452139225414633,0.2603368425489314,0.3281845953802819,0.3333809234567714,sim_8,0.25
0.1112383468810225,0.1073358015087732,0.0205106820154925,2020-02-01,0,2673,1,2452,0.1176837149617908,0.1092780420760388,0.0288982906635264,0.187677107897634,0.1910889165328133,0.2546533921898545,0.2644473685154257,sim_8,0.25
0.0480262162191971,0.0456007609148669,0.0044980104235534,2020-03-01,0,405,1,373,0.0492069160721679,0.0461718931088735,0.0062498424705308,0.0960836408744195,0.0986389335026861,0.1310530614545162,0.1353603252912685,sim_8,0.25
0.0113693644064109,0.0108586875734149,0.0008334386424908,2020-04-01,0,56,1,52,0.0116455276991949,0.0105387521198323,0.0007896664816922,0.0749898050667948,0.07675316532095,0.0711915363612554,0.0749297898568311,sim_8,0.25
0.0016959252270439,0.0018026425658177,2.675772508860555e-05,2020-05-01,0,6,1,7,0.0017732665012172,0.0017907509033513,9.2207336795444e-05,0.0152963879352006,0.0157776561501154,0.0517434828894204,0.0519985781788303,sim_8,0.25
0.0007304502927962,0.0007592367088675,2.38640358890968e-05,2020-06-01,0,2,1,2,0.0007160763911109,0.0007701616501675,2.041507550371726e-05,0.032038993241456,0.0326703077874626,0.027472147713506,0.0285096335490768,sim_8,0.25
0.0,0.0004907672955,0.0,2020-07-01,0,0,1,1,0.0,0.0004907672955,0.0,0.0,,0.0,,sim_8,0.25
0.0398594625764158,0.0439679332502433,0.0101563614874856,2020-01-01,0,2363,1,2613,0.0441516053402719,0.0432998322991678,0.0137804033002662,0.2423160444704097,0.2548042755974093,0.3151555576955193,0.3182553503915329,sim_9,0.25
0.1082265037275245,0.1018002850750206,0.0187376920922648,2020-02-01,0,2309,1,2023,0.1141543835435085,0.102895949948218,0.0257612367814461,0.1784314486651595,0.1840632575680537,0.2373756940799919,0.2503620093347735,sim_9,0.25
0.0399131229758812,0.0463056022237171,0.0038714945000189,2020-03-01,0,313,1,358,0.0406490983182376,0.0465358267158482,0.0048376943345064,0.0898063498632436,0.0969980350161642,0.1109754772998916,0.1190111105696037,sim_9,0.25
0.0118240121554648,0.0104342267382927,0.0006077670392158,2020-04-01,0,57,1,51,0.0114665908781547,0.0109249631729052,0.0007410821965182,0.05461052351148,0.0582474441527504,0.0661930114210311,0.0678338393264488,sim_9,0.25
0.0025146020215612,0.0018308693705706,3.925930426974839e-05,2020-05-01,0,9,1,6,0.003110462255059,0.0015063248779393,0.0003105750451363,0.0180690658053041,0.0214429849014912,0.1345416352062175,0.2061806517868714,sim_9,0.25
0.0014208265608609,0.0003656292573,9.024111505687546e-07,2020-06-01,0,4,1,1,0.0010827997904523,0.0007269021671494,2.4148550591332218e-05,0.0010102809612137,0.002468104323031,0.0266878758570103,0.0332211839263479,sim_9,0.25
0.0008221551663,0.0,0.0,2020-12-01,0,1,1,0,0.0008221551663,0.0,0.0,0.0,,0.0,,sim_9,0.25
0.0477143507415093,0.0385816194697112,0.0070953024776253,2020-01-01,0,2738,1,2296,0.046577527592026,0.046770822508057,0.0141476823664879,0.1644411079743051,0.1839036975416644,0.3031158526384143,0.3037448120992578,sim_0,0.125
0.0948446637731899,0.1049454378417874,0.0136314837747886,2020-02-01,0,1836,1,2219,0.0977050774106377,0.1159025640153476,0.027449023585797,0.1364580493688152,0.1437243091228276,0.2570041352692719,0.2809375348062362,sim_0,0.125
0.0372208904501171,0.0421051481623374,0.0033802545209464,2020-03-01,0,292,1,350,0.0385927258895017,0.0439061053351821,0.0065530471331757,0.0852243369282726,0.0908160573287913,0.1588639993051215,0.1698000590043411,sim_0,0.125
0.0087174613197608,0.0149293606313511,0.0003725373388698,2020-04-01,0,41,1,70,0.0081212515815688,0.0158687824779526,0.0007157494472793,0.0315084487581514,0.0427346133472827,0.0596705653275465,0.0881328992323996,sim_0,0.125
0.0043595257647556,0.0042472420115883,7.437691826644385e-05,2020-05-01,0,15,1,15,0.0045861359718136,0.0043561695207551,0.0004099146344912,0.0172833565861673,0.0175118154471796,0.0916798547828334,0.0940997893994174,sim_0,0.125
0.0011359401680995,0.0,0.0,2020-06-01,0,3,1,0,0.0007826583390793,0.0003599366105999,6.654781579774072e-06,0.0,,0.0116485401613958,0.0184887599199226,sim_0,0.125
0.0004577394075,0.0,0.0,2020-07-01,0,1,1,0,0.0004577394075,0.0,0.0,0.0,,0.0,,sim_0,0.125
0.0441139918822115,0.0501997896619665,0.0079172758329235,2020-01-01,0,2515,1,2833,0.0508415784467132,0.0513182036359468,0.0157632763714056,0.1678922359658539,0.1794731216812895,0.3086004306205575,0.3100469508028159,sim_1,0.125
0.1011568154799858,0.0951242028660998,0.0111174525898165,2020-02-01,0,2026,1,1729,0.1107139004287542,0.099408002461296,0.0249583371337811,0.1132809752414683,0.1168730171170618,0.2375605473822598,0.2510696977690361,sim_1,0.125
0.0450250659069406,0.039559711327307,0.003240777316444,2020-03-01,0,344,1,309,0.0457760011394197,0.0414599308700672,0.0058919320916834,0.0766279092387759,0.0819211568464349,0.1350803953362399,0.1421114789155911,sim_1,0.125
0.0136903715119578,0.0113062635129714,0.0008057450866902,2020-04-01,0,63,1,51,0.0137000728787975,0.0115798313293462,0.0010890142699047,0.0644682843019999,0.0712653730178694,0.0861565187065828,0.0940440528822679,sim_1,0.125
0.0046988332951451,0.0018580655775856,0.0003271677274881,2020-05-01,0,16,1,6,0.0044461157073551,0.001841145160052,5.75297221646708e-05,0.0997934340115479,0.1760797527465366,0.0183004088355553,0.0312467063504343,sim_1,0.125
0.0003908769357,0.0003970852113,7.312061909970424e-06,2020-06-01,0,1,1,1,0.0003908769357,0.0003970852113,7.312061909970424e-06,0.0185594243018133,0.0187068134293358,0.0185594243018133,0.0187068134293358,sim_1,0.125
1.577116199999983e-06,0.0,0.0,2019-12-01,0,1,1,0,1.577116199999983e-06,0.0,0.0,0.0,,0.0,,sim_2,0.125
0.029053833941738,0.0324312417817267,0.0052238971051223,2020-01-01,0,1981,1,2161,0.0329295299780014,0.0339400681228033,0.0106084194824622,0.1699240683582239,0.179800611361579,0.3172867725769869,0.3221552050560464,sim_2,0.125
0.1023503836256505,0.1001108441128315,0.014778642626921,2020-02-01,0,2482,1,2307,0.1105256191520098,0.1049190356800714,0.0277620697205204,0.1459898548675256,0.1476227950916538,0.2577188071076379,0.2646046977135302,sim_2,0.125
0.0512390297248976,0.0465962375428438,0.0044509418079401,2020-03-01,0,447,1,400,0.0541696428757936,0.048076981211097,0.0088622986270892,0.0909884938681558,0.0955214850522563,0.1733514178337656,0.1843355885465556,sim_2,0.125
0.0125502721066715,0.0126905054092883,0.0006149488014585,2020-04-01,0,63,1,63,0.0133453313143996,0.0127295617750772,0.0014490643749755,0.0487266132011761,0.0489988421152766,0.1111463329880616,0.1138345844562084,sim_2,0.125
0.0033728519491747,0.0029685375830432,0.0003363403647482,2020-05-01,0,12,1,11,0.0031981357507934,0.0031780435565374,0.0003711301398611,0.1060778124540179,0.1133017033941129,0.1164114501718847,0.1167794378078104,sim_2,0.125
0.0007651539707491,0.0008178077138491,3.6180775620171465e-05,2020-06-01,0,2,1,2,0.0007651539707491,0.0008178077138491,3.6180775620171465e-05,0.0457127623140847,0.047285614403528,0.0457127623140847,0.047285614403528,sim_2,0.125
0.0507167759351644,0.0430107665962173,0.0080556011398103,2020-01-01,0,2786,1,2456,0.0496717349449263,0.052390293845501,0.0163900873988562,0.1718940008933482,0.1872926659372493,0.3211789456490504,0.3299680878275906,sim_3,0.125
0.0972861161329693,0.10492908409908,0.0145194146608232,2020-02-01,0,1761,1,2065,0.0997359137719866,0.1148216175170088,0.0268617457177695,0.1436035930450498,0.1492444681518409,0.2503920096059309,0.2693287172279789,sim_3,0.125
0.0429970364415916,0.043135996089159,0.0035770794506529,2020-03-01,0,334,1,345,0.0456837406859676,0.0448284359454779,0.0079562235513477,0.08305941043875,0.0831936279029862,0.1758044905658287,0.1774816226250779,sim_3,0.125
0.0104364126710264,0.0094465995349741,0.000216201883459,2020-04-01,0,50,1,44,0.0097453944085512,0.0106195355565365,0.0006981196425463,0.021747397347957,0.0228867416956381,0.0685609666955027,0.0716358531301452,sim_3,0.125
0.00367927689433,0.0022659007642015,4.548913691290929e-05,2020-05-01,0,12,1,8,0.0035119526248937,0.0024418487122381,5.411281551317382e-05,0.015302868820961,0.0200755203544572,0.018177568396745,0.0221605930137967,sim_3,0.125
0.0003973486398,0.001080837799946,3.0983454389488797e-06,2020-06-01,0,1,1,3,0.0003973486398,0.001080837799946,3.0983454389488797e-06,0.0041920901932791,0.0077975488742289,0.0041920901932791,0.0077975488742289,sim_3,0.125
0.0265133840853161,0.0215756663446947,0.0044174944697478,2020-01-01,0,1852,1,1514,0.0268392189702412,0.0256506909294432,0.0088183539394215,0.1837214264056696,0.2047442891993974,0.3360018699317489,0.3437862147135896,sim_4,0.125
0.1044871938959063,0.1043785083211719,0.0151243893524999,2020-02-01,0,2599,1,2830,0.108798141784302,0.1159038219591416,0.0309606508788651,0.1448240586363086,0.1448994586698089,0.275570808221461,0.2845696660908621,sim_4,0.125
0.0525940334952783,0.0579799979996788,0.0047552748532533,2020-03-01,0,460,1,539,0.0522899948616026,0.0622975750280699,0.0087688132479688,0.0860106986959271,0.0904147207815933,0.1530499906126227,0.1676958139157877,sim_4,0.125
0.0143173891005014,0.0196905967026407,0.0010361517522008,2020-04-01,0,72,1,103,0.0146588576910079,0.0201287476896815,0.0018157713297481,0.0609357906815616,0.0723701608531828,0.1043918550804324,0.1238685420121062,sim_4,0.125
0.0024999648616994,0.0050438675088473,0.0001136049251289,2020-05-01,0,8,1,18,0.0024759634178688,0.0052597334609037,0.0003054694333547,0.0301186239430478,0.0454426087619961,0.0789765778421363,0.1233739687550414,sim_4,0.125
0.001082299514938,0.0007725633492148,1.4644414010268907e-05,2020-06-01,0,3,1,2,0.0010724850677702,0.0007696282306574,1.894848285191092e-06,0.0157902929572721,0.0189556157759136,0.0020572548787399,0.0024620306398744,sim_4,0.125
0.0117482596194597,0.0165272358879591,0.0022989313164383,2020-01-01,0,996,1,1340,0.0142103078413483,0.0169748693271518,0.0052086129775195,0.1626094450465182,0.1956827130914276,0.3340441485630398,0.3665376595406243,sim_5,0.125
0.102359813717579,0.1032084550973397,0.0161252750814586,2020-02-01,0,3227,1,2993,0.1132933978361158,0.1068265423172665,0.0306769464199226,0.1568848652996814,0.1575352132424728,0.2787293727096829,0.2871659585200695,sim_5,0.125
0.0630627497910581,0.057647188481862,0.0060664749520154,2020-03-01,0,627,1,544,0.0669238332484793,0.0589016733227156,0.0111820432502902,0.1005132640909714,0.105234532884881,0.1777388949984187,0.1898425396002771,sim_5,0.125
0.0205822366649618,0.0153254555108487,0.0010236304281699,2020-04-01,0,113,1,79,0.0207894840206932,0.0153885774711962,0.0012939997442489,0.0570145484793654,0.0667928224022654,0.0715350514034077,0.0840883276359391,sim_5,0.125
0.003801846237285,0.0040920352635685,0.0001040474628373,2020-05-01,0,15,1,15,0.0039005291553718,0.0043252623708717,0.0004359574882273,0.0263615466804437,0.0273676146649276,0.1059976992697755,0.111768806452046,sim_5,0.125
0.001500832271196,0.001131527416535,8.03042909173742e-05,2020-06-01,0,4,1,3,0.0014863466341812,0.001132834194635,6.712543200255762e-05,0.0610131596313805,0.0709698145567553,0.051256813782418,0.0592544189789263,sim_5,0.125
0.0004402598468999,0.0004474164651,0.0004339467360547,2020-07-01,0,1,1,1,0.0004402598468999,0.0004474164651,0.0004339467360547,0.9777139035670616,0.9856604891641016,0.9777139035670616,0.9856604891641016,sim_5,0.125
0.0,0.0005896384893,0.0,2020-09-01,0,0,1,1,0.0,0.0005896384893,0.0,0.0,,0.0,,sim_5,0.125
0.0140231521410268,0.0236051387112115,0.0031680186823738,2020-01-01,0,1086,1,1747,0.0176488447121865,0.0231020166193441,0.0062905891616659,0.1683849364731584,0.2259134501654107,0.3087340466493993,0.3564306482521391,sim_6,0.125
0.1052647573142897,0.1004937673722996,0.0150110854637476,2020-02-01,0,3233,1,2674,0.1195747411803591,0.1007301691376231,0.0295574710951403,0.1459097307060546,0.1493732980288822,0.2683323858054541,0.2934321598800983,sim_6,0.125
0.0575702884790671,0.0523214200679662,0.0042092117661663,2020-03-01,0,559,1,466,0.0616484761056187,0.0530567815218746,0.0090227608466263,0.0766065396892951,0.0804491116773695,0.1573207895304656,0.170058578523207,sim_6,0.125
0.0175358277754497,0.0164372414297865,0.0010068331182566,2020-04-01,0,98,1,86,0.0196995411229638,0.0154011411989485,0.0021344462349326,0.0592724261781723,0.0612531684563648,0.1216185039001477,0.1385901348062698,sim_6,0.125
0.0042255966854391,0.0043994679742396,0.0001085296126318,2020-05-01,0,15,1,17,0.0040496405448067,0.0047965865734936,0.0003296920712534,0.0251660983225283,0.0256838550176355,0.0745384595815692,0.0814126754228105,sim_6,0.125
0.0014307313299052,0.0007728423856041,4.186727589736388e-05,2020-06-01,0,4,1,2,0.0014484269251884,0.0007566795330041,4.3400018580605687e-05,0.0379994330143713,0.05417311042618,0.039363195748996,0.0573558774720619,sim_6,0.125
0.0009452464063041,0.0,0.0,2020-07-01,0,2,1,0,0.0009452464063041,0.0,0.0,0.0,,0.0,,sim_6,0.125
0.0,0.0005104881576,0.0,2020-08-01,0,0,1,1,0.0,0.0005104881576,0.0,0.0,,0.0,,sim_6,0.125
0.0,1.1962244999999947e-06,0.0,2019-12-01,0,0,1,1,0.0,1.1962244999999947e-06,0.0,0.0,,0.0,,sim_7,0.125
0.0271155660746823,0.0382573707012472,0.0059647655065925,2020-01-01,0,1771,1,2402,0.0335619790959572,0.037634698117248,0.0117885059438684,0.1824842450336064,0.2199756955161584,0.3311532617896379,0.3512458520447756,sim_7,0.125
0.1063749034145707,0.0987428346121909,0.0149823547736057,2020-02-01,0,2671,1,2141,0.1201965728110991,0.1000425920116343,0.0301037815695778,0.1460854133605062,0.1517310580808059,0.2733735536439016,0.3009096522216949,sim_7,0.125
0.0500178046439095,0.0439025505745101,0.0042533368796747,2020-03-01,0,438,1,359,0.0528230190936024,0.0450676894283964,0.0082236901832538,0.0905732707203519,0.0968813160970256,0.1680177885607139,0.182474191323246,sim_7,0.125
0.0150743656531139,0.0128651906657822,0.0007439060917883,2020-04-01,0,77,1,61,0.0160339981219272,0.0127047325671641,0.0015430804619834,0.0532511027231446,0.0578231688214999,0.1073868208500391,0.1214571384187686,sim_7,0.125
0.0054809150966853,0.0023612290270026,5.7536105507342046e-05,2020-05-01,0,19,1,8,0.005457589456205,0.0023841560914569,5.7137529481341176e-05,0.0146735649332301,0.0243670160113097,0.0145726558287464,0.0239655153813464,sim_7,0.125
0.0018774168598523,0.0013264559220528,4.956097280656375e-05,2020-06-01,0,5,1,4,0.0018774168598523,0.0013264559220528,4.956097280656375e-05,0.030938165264535,0.0373634524770809,0.030938165264535,0.0373634524770809,sim_7,0.125
0.0,0.0005332127004367,0.0,2020-07-01,0,0,1,2,0.0,0.0005332127004367,0.0,0.0,,0.0,,sim_7,0.125
0.0116537847679842,0.0184327598538406,0.002667912960298,2020-01-01,0,969,1,1483,0.0144466690767363,0.0186428390747303,0.0056708764899398,0.1773492432469442,0.228931030855095,0.3427597934657415,0.3925386855487486,sim_8,0.125
0.1047024626565736,0.1032282315858058,0.014821393332998,2020-02-01,0,3352,1,2937,0.118092391941892,0.105722473390544,0.0307055644230552,0.1425608988321954,0.1435788747449199,0.2743836016204528,0.2904355473185662,sim_8,0.125
0.0586038135473114,0.0569328985199624,0.0051596661855375,2020-03-01,0,591,1,542,0.0633163954975779,0.057260058846757,0.0101994084625986,0.0893164794672924,0.0906271473905098,0.1691774487491858,0.1781243098246709,sim_8,0.125
0.0174003203563626,0.014179095759228,0.0006517404017412,2020-04-01,0,92,1,73,0.0167822346910572,0.0153296108529241,0.001184169830132,0.0412762794192066,0.0459648776486395,0.0737528354457353,0.0772472205259003,sim_8,0.125
0.0042534495779127,0.0038990471359017,0.000107742664429,2020-05-01,0,16,1,14,0.0046135849140638,0.0036530576747457,0.0002218885394242,0.026431820388594,0.0276330756396857,0.0536828675100984,0.060740497189015,sim_8,0.125
0.0007038980905406,0.0018228772118642,2.8876269088050944e-05,2020-06-01,0,2,1,6,0.0010411836622014,0.0014968595895343,4.0144218418912975e-05,0.0228562223641865,0.0410233661322619,0.0316339907851909,0.038556327645436,sim_8,0.125
0.0,1.1271284999999968e-06,0.0,2019-12-01,0,0,1,1,0.0,1.1271284999999968e-06,0.0,0.0,,0.0,,sim_9,0.125
0.0172476340783727,0.0274539797587598,0.0040152917101427,2020-01-01,0,1216,1,1950,0.0214117894237085,0.0271535611299821,0.0078790284267008,0.1796486240864706,0.2328024639146121,0.3244711851916048,0.3679761775527602,sim_9,0.125
0.1051105025890232,0.1028186620629024,0.014475734489379,2020-02-01,0,3028,1,2540,0.1230220762791403,0.1012696827982127,0.030838328914806,0.1392371725593331,0.1407889793442664,0.274984056852224,0.3045168905708308,sim_9,0.125
0.0617199145257216,0.0474967960968322,0.0050213078777443,2020-03-01,0,588,1,409,0.0657413959998215,0.0477831922673361,0.0093291855223482,0.0919512746560864,0.1057188755954693,0.1643553289159497,0.1952398967016175,sim_9,0.125
0.01626756680612,0.0141950304092498,0.0008855454950473,2020-04-01,0,84,1,73,0.0167626911945729,0.0139193216212698,0.0011049610955202,0.0581398551664219,0.062384191475228,0.072026636723759,0.0793832577179439,sim_9,0.125
0.0042226670337512,0.0050580882450517,0.0003547355352983,2020-05-01,0,16,1,21,0.0036903033241618,0.0063239961033808,0.001088279684038,0.0764454022634423,0.0840074607973997,0.2173451456913507,0.2949025021636189,sim_9,0.125
0.0003701412261,0.0007601785621664,8.171763354146861e-06,2020-06-01,0,1,1,2,0.0003701412261,0.0007601785621664,8.171763354146861e-06,0.0144592060388139,0.0220774201248771,0.0144592060388139,0.0220774201248771,sim_9,0.125
0.0008849216068245,0.0004408195245,7.711799311816306e-06,2020-07-01,0,2,1,1,0.0008849216068245,0.0004408195245,7.711799311816306e-06,0.0116339444098132,0.0174942326353702,0.0116339444098132,0.0174942326353702,sim_9,0.125
0.0005052230423999,0.0,0.0,2020-08-01,0,1,1,0,0.0005052230423999,0.0,0.0,0.0,,0.0,,sim_9,0.125
0.0210606408672414,0.0235960093542003,0.0033511636933973,2020-01-01,0,1588,1,1729,0.0248831896408098,0.0248238691823629,0.0084015722951284,0.1500857622226368,0.1591197397326079,0.3380434286010002,0.3384473320177533,sim_0,0.1
0.1016503435461144,0.1017222908416352,0.012345564521224,2020-02-01,0,2753,1,2650,0.1109517374037389,0.1092697163385277,0.0291943838757411,0.1214083159063181,0.1214512818210335,0.2651366011769986,0.2671772642412121,sim_0,0.1
0.057825659682916,0.0534611161136003,0.0044172902477025,2020-03-01,0,539,1,493,0.0598948640156876,0.0571292351933846,0.0101546136602585,0.0793857170555356,0.0826262257285495,0.1735473928684828,0.1777481113808864,sim_0,0.1
0.0181669502916188,0.0143951572864847,0.0007168306926005,2020-04-01,0,95,1,77,0.0175311276663346,0.0161641550172699,0.0018500057981014,0.0440285193998065,0.0497966558012933,0.1098079998599716,0.114451129435774,sim_0,0.1
0.0044985634558814,0.0042715432353195,0.0001352559921032,2020-05-01,0,16,1,15,0.0049094409000326,0.0041949641242974,0.0004695543252323,0.0308447768917023,0.0316644324198538,0.1031488216918226,0.1119328583795738,sim_0,0.1
0.0013210712359507,0.0003731140815,6.261926081230756e-06,2020-06-01,0,4,1,1,0.0013210712359507,0.0003731140815,6.261926081230756e-06,0.007392256344959,0.0167828725628806,0.007392256344959,0.0167828725628806,sim_0,0.1
0.0023941747931712,0.0054487309517273,0.0006435408909624,2020-01-01,0,233,1,541,0.0031375264301028,0.005399547055204,0.0013377086313708,0.1641077712507367,0.2687944475891979,0.3133881027668719,0.4263577251608981,sim_1,0.1
0.0881114561121936,0.0921636043046228,0.012489397831815,2020-02-01,0,3545,1,3435,0.101269993775879,0.0946136708964884,0.0280980020873659,0.1385593526130359,0.1417454481277902,0.2868845866689533,0.2969761327420267,sim_1,0.1
0.0813988016042475,0.0701305285038842,0.007696803153,2020-03-01,0,983,1,797,0.0886281090462923,0.0715650060335565,0.0163605881247173,0.10158829511762,0.1097496813042523,0.2042608150364302,0.2286115663435547,sim_1,0.1
0.0249535305216324,0.0249336992800788,0.0012093315223989,2020-04-01,0,154,1,146,0.0261884364587579,0.0254528258964512,0.0029633640758968,0.0484826087640368,0.0485018893030926,0.1147672981157443,0.1164257394425503,sim_1,0.1
0.0076316523957013,0.005909697558911,0.00046638553987,2020-05-01,0,29,1,23,0.0077266143417556,0.005672740846651,0.0003243907736643,0.0688831676949914,0.0789186815773369,0.0484188633114258,0.0571841341660906,sim_1,0.1
0.0010110984285351,0.0010389088259824,8.51557610685247e-05,2020-06-01,0,3,1,3,0.0006702741057444,0.0013388554077961,4.427802009152954e-05,0.0830784972890874,0.0842210398763038,0.044076820128435,0.0660595713187402,sim_1,0.1
0.0260316749719917,0.018320442307368,0.0038848477888746,2020-01-01,0,1877,1,1318,0.026200066011566,0.0222286564902762,0.007961453011357,0.1751820669306593,0.212049890701178,0.3287905441261314,0.3581616826387933,sim_2,0.1
0.0998697388891281,0.1054801809020896,0.0133055831685727,2020-02-01,0,2573,1,3063,0.1034446196195235,0.1183986232832812,0.0297989062801592,0.1295893680611193,0.1332293777531962,0.2686483112150946,0.2880662753632012,sim_2,0.1
0.049252243088981,0.0554390075616772,0.0038615746063458,2020-03-01,0,435,1,524,0.050012509540849,0.0601434630116662,0.0093262965082031,0.0737707226219206,0.0784040353120439,0.1693289304627936,0.1864792747619599,sim_2,0.1
0.0152381052772823,0.0132409955410856,0.0006267979787083,2020-04-01,0,76,1,66,0.0145957014067058,0.0145113439800816,0.0012547425471277,0.044018101744564,0.0473376776514582,0.0862157275294825,0.0864663224061149,sim_2,0.1
0.0043047866061236,0.0055711061669604,0.0001699885471738,2020-05-01,0,15,1,20,0.0039710508150606,0.0058795965985246,0.000144743187675,0.0344249479170375,0.0394882633513174,0.0293875481677436,0.036449593424024,sim_2,0.1
0.0007448324487232,0.0007168802018603,1.8363462822640832e-05,2020-06-01,0,2,1,2,0.0010963787404006,0.0003604962882,1.352584083963751e-05,0.0251259545647482,0.0256158041120206,0.0185682925084241,0.0375200557741484,sim_2,0.1
0.0004322809862999,0.0004444064706,1.352584083963751e-05,2020-07-01,0,1,1,1,0.0004322809862999,0.0004444064706,1.352584083963751e-05,0.0308566998037485,0.0312894651125152,0.0308566998037485,0.0312894651125152,sim_2,0.1
0.0181436689560123,0.0286030683787857,0.0039437439998409,2020-01-01,0,1302,1,2002,0.0230781180784624,0.0279973559748359,0.0082724807183411,0.1687280963202196,0.2173619905324637,0.3239316275247359,0.3584556024115949,sim_3,0.1
0.1054555433989065,0.099064820934481,0.0132598465419845,2020-02-01,0,3027,1,2426,0.121718109195733,0.0995910774449208,0.0300486688492507,0.129667738322329,0.1338502045115921,0.2715537416712988,0.3017204916361028,sim_3,0.1
0.0560644310898878,0.0510299964517269,0.0041270041324704,2020-03-01,0,527,1,447,0.0601467579673092,0.0518249839072689,0.0090043184654339,0.0770722478696067,0.0808740822934316,0.1608319798314812,0.1737447421410786,sim_3,0.1
0.0177503918755068,0.0156401120137715,0.0013754472689657,2020-04-01,0,92,1,77,0.0185265812286116,0.0148529711097053,0.0013644957180043,0.0823855353322428,0.0879435689306223,0.0817563821212823,0.0918668532999971,sim_3,0.1
0.0059217402670466,0.0023277706929191,9.527215802778834e-05,2020-05-01,0,21,1,8,0.0059810865821061,0.0022825653996709,0.000109413179839,0.023097649906797,0.0409284979476694,0.0264805875369231,0.0479343022788437,sim_3,0.1
0.0018435710692282,0.0003832159167,3.2073277585639006e-06,2020-06-01,0,5,1,1,0.0018435710692282,0.0003832159167,3.2073277585639006e-06,0.0028806776569397,0.0083695055940871,0.0028806776569397,0.0083695055940871,sim_3,0.1
0.0307068809675107,0.0178281753322168,0.0039541344124162,2020-01-01,0,2070,1,1292,0.0290408061683827,0.0238162912445501,0.0082761755256214,0.1629393149560823,0.2217913128367563,0.3131528566907837,0.3475006011910146,sim_4,0.1
0.097968161944432,0.1024291352748785,0.0129051264199451,2020-02-01,0,2323,1,2932,0.097339748102382,0.1195029834139179,0.029350560716935,0.1287954139004381,0.1317277589352442,0.2707082733342965,0.3015269844962415,sim_4,0.1
0.0474559568564462,0.0605206896895936,0.0046313495576596,2020-03-01,0,412,1,577,0.0481044647484689,0.0663214033428732,0.011080571102962,0.0857842821722556,0.0975925861461286,0.1936724848635937,0.2303439225631275,sim_4,0.1
0.0148804025100939,0.0182172351665833,0.0007563753909997,2020-04-01,0,76,1,100,0.0156816061395817,0.0186045936250836,0.0019449374789879,0.0457057025270857,0.0508303045221163,0.1134530798010652,0.1240266756910014,sim_4,0.1
0.0032139343448798,0.0037458523269634,5.763942428217636e-05,2020-05-01,0,12,1,13,0.0037694256318363,0.0032409216403165,0.0001082000245917,0.016563560637674,0.0179342258108047,0.0308686632462622,0.0333855725623625,sim_4,0.1
0.0011277041057089,0.0010191481556003,2.541667593192834e-05,2020-06-01,0,3,1,3,0.001117393866893,0.0010300204112003,2.5978692716024368e-05,0.0236780857164601,0.0249391374475445,0.024195324564099,0.0252215319556143,sim_4,0.1
0.0,0.0004420736168999,0.0,2020-07-01,0,0,1,1,0.0,0.0004420736168999,0.0,0.0,,0.0,,sim_4,0.1
0.0007198787663221,0.0001314153159051,9.397228187689672e-05,2020-01-01,0,86,1,12,0.0006846313898972,0.0002010166034559,0.0001283261930026,0.2207751324454772,0.7150786133991476,0.2897905126320422,0.6383860377524245,sim_5,0.1
0.0716919836621633,0.0637938812997514,0.0101263239198641,2020-02-01,0,3332,1,3134,0.0726283168299711,0.0759840830105288,0.0232528587984491,0.149481629285987,0.1587350340432035,0.3129329561114087,0.3201624354435476,sim_5,0.1
0.0850490230046938,0.0905830883147569,0.009196593452462,2020-03-01,0,1196,1,1428,0.0865220274004095,0.1021773217212813,0.0222638312547022,0.1047256493516125,0.1081328524133021,0.2359714684584782,0.257319805414047,sim_5,0.1
0.0267505468364886,0.0348240277478549,0.0020741128131683,2020-04-01,0,176,1,244,0.0279938962016311,0.0360126630049332,0.0045060974353891,0.0673691317291134,0.0775353425799589,0.1408011144872478,0.1609671409414807,sim_5,0.1
0.0095375254728647,0.0072285570633073,0.000501744199293,2020-05-01,0,44,1,34,0.0097612572944697,0.0079714460590121,0.0014683650166028,0.0598522878806738,0.0694113908071559,0.1656109604195863,0.1842030926048626,sim_5,0.1
0.0025850037729449,0.0020315190943952,0.0001091981573546,2020-06-01,0,8,1,6,0.0026113857260287,0.0020025143434897,0.0001065753595329,0.0473075344767479,0.0537519719386161,0.0461975153025295,0.0532207721155357,sim_5,0.1
0.0,0.0004470424829999,0.0,2020-07-01,0,0,1,1,0.0,0.0004470424829999,0.0,0.0,,0.0,,sim_5,0.1
0.0005419536123,0.0005244731879999,6.148955954279385e-05,2020-08-01,0,1,1,1,0.0005419536123,0.0005244731879999,6.148955954279385e-05,0.1153188564381465,0.1172406158211349,0.1153188564381465,0.1172406158211349,sim_5,0.1
0.0152745117597307,0.0185909794373509,0.0025720152695347,2020-01-01,0,1183,1,1409,0.0178214678244674,0.0194741978267742,0.0060021897236946,0.1518959376414626,0.1683860872277105,0.3218706312858019,0.3367954751434198,sim_6,0.1
0.1003981547723507,0.102041166240293,0.0131259363013806,2020-02-01,0,3070,1,2932,0.1132215555760546,0.1067512547106658,0.0306594255754575,0.1296777348957897,0.1307388201620163,0.2787565020921896,0.2872043580054919,sim_6,0.1
0.059690030016391,0.0581066329524667,0.0057043849388247,2020-03-01,0,580,1,543,0.0633441506161505,0.0596275372106202,0.0108794097967378,0.0968513843271241,0.0981709772013663,0.1769417007931701,0.1824561319430122,sim_6,0.1
0.0165636331921756,0.0131901154532896,0.0008819585977042,2020-04-01,0,89,1,67,0.0171166984888355,0.0137234129380747,0.0019683213791491,0.0592838642426767,0.0668651158382607,0.1276468396564656,0.1434279787419495,sim_6,0.1
0.0052138793381419,0.0053931173520263,0.0001346705121658,2020-05-01,0,18,1,21,0.0053411535050514,0.0052951306414354,0.0001639579684844,0.0253927697159952,0.0258292345165539,0.0308299338803587,0.030963913751522,sim_6,0.1
0.0011698408963935,0.0,0.0,2020-06-01,0,3,1,0,0.0011698408963935,0.0,0.0,0.0,,0.0,,sim_6,0.1
0.0234512022888595,0.03173542006122,0.0042518440014471,2020-01-01,0,1630,1,2130,0.0288467484859927,0.0316367114983195,0.0095486816356797,0.1540896623270516,0.1813060136139361,0.315745218218548,0.3310141397848126,sim_7,0.1
0.1056274782212791,0.1008804206390501,0.0127740776900267,2020-02-01,0,2747,1,2312,0.1214560194359186,0.1024916891335746,0.0302138873991903,0.1237151485296589,0.1266259360251115,0.2698298419053902,0.2947935355013366,sim_7,0.1
0.0541587979040531,0.0500906618348803,0.004282754783146,2020-03-01,0,479,1,438,0.056424158055587,0.0530203748705455,0.0094778279703452,0.0821635871086734,0.0855000638095728,0.1731987467431027,0.1787582225415465,sim_7,0.1
0.0177870615886899,0.0163356389494523,0.0010226357340594,2020-04-01,0,93,1,84,0.0174691461381483,0.017091002594038,0.0014600839281034,0.0599387339179853,0.0626015142244366,0.0844952340580452,0.085429975220576,sim_7,0.1
0.0032014704796211,0.0046632221570469,8.387875310510912e-05,2020-05-01,0,12,1,18,0.0034740150054321,0.0047314048486707,0.0004246059705399,0.021330459302131,0.026200070760932,0.1034940266530334,0.1222234129317217,sim_7,0.1
0.0,0.0014752682657504,0.0,2020-06-01,0,0,1,4,0.0,0.0014752682657504,0.0,0.0,,0.0,,sim_7,0.1
0.0,2.247347399999958e-06,0.0,2019-12-01,0,0,1,1,0.0,2.247347399999958e-06,0.0,0.0,,0.0,,sim_8,0.1
0.0200097490959631,0.0285302074924294,0.0040108855618876,2020-01-01,0,1404,1,1914,0.0248361691368787,0.028303697025999,0.0086107951363727,0.1652611927900547,0.2004465694523272,0.3240804224075393,0.3467038370094998,sim_8,0.1
0.1052683127133694,0.1004348513278572,0.0129241760892068,2020-02-01,0,2915,1,2454,0.1201713352690401,0.1038489620017656,0.0312413093187858,0.1256585055406989,0.1286821847031715,0.2789149885023139,0.3008341028796678,sim_8,0.1
0.0631921719297987,0.0565581539051959,0.0047078496917383,2020-03-01,0,582,1,496,0.0670664402898113,0.0588744163923763,0.0108983805389313,0.0786277558563859,0.0832390975778614,0.173071405515899,0.1851123324314183,sim_8,0.1
0.0128066980801321,0.016559158974225,0.0006143287290102,2020-04-01,0,69,1,84,0.0143452934968849,0.0161459396429056,0.0017397048144437,0.0418396594298701,0.0479693302025543,0.1141118042991484,0.1212735601973932,sim_8,0.1
0.0039858133135277,0.003015184853134,0.0001427101028033,2020-05-01,0,15,1,10,0.00405272791541,0.0032932675271987,0.0004877073787503,0.0407685016924889,0.0473304655450876,0.132781835371552,0.1480922441685664,sim_8,0.1
0.000972050910905,0.0003639217223999,4.466457811253574e-07,2020-06-01,0,3,1,1,0.000972050910905,0.0003639217223999,4.466457811253574e-07,0.0006686451054321,0.0012273127808359,0.0006686451054321,0.0012273127808359,sim_8,0.1
0.0,0.0004827633876,0.0,2020-07-01,0,0,1,1,0.0,0.0004827633876,0.0,0.0,,0.0,,sim_8,0.1
0.0153890309572187,0.0141871208032895,0.0023291632500255,2020-01-01,0,1246,1,1137,0.0167824267188685,0.0163826098234783,0.0059180480318641,0.1575027927152821,0.1641744848951642,0.3568847587010874,0.3612396373734545,sim_9,0.1
0.1008464338260245,0.1007305240392875,0.0135419185784754,2020-02-01,0,2994,1,3096,0.1085720180446506,0.1107312660769396,0.0312682448347545,0.1343597871689654,0.1344370905207811,0.2851598411760965,0.2879954282685926,sim_9,0.1
0.0568185486292162,0.0604682823572123,0.0047911951971761,2020-03-01,0,564,1,622,0.0599414712475259,0.0654709302522962,0.0129167657105697,0.0817004800433317,0.0843244910819935,0.2059886511397057,0.2154896341671448,sim_9,0.1
0.0180813020116048,0.0169269548309189,0.0012615034613681,2020-04-01,0,96,1,89,0.0177729142007336,0.0177721342737687,0.0017982950933468,0.0720689103169438,0.0745263087170245,0.101184000052038,0.1011862202729985,sim_9,0.1
0.0024979038404881,0.0036123767200274,0.0001288778170634,2020-05-01,0,9,1,14,0.0022932258039273,0.0040536091326068,0.0003654321930819,0.0421839278203437,0.0515943868512701,0.1151541506077075,0.159352904740617,sim_9,0.1
0.0010990742021041,0.0003789768770999,2.9038966710342424e-05,2020-06-01,0,3,1,1,0.0010990742021041,0.0003789768770999,2.9038966710342424e-05,0.0392935902133753,0.0766246398264556,0.0392935902133753,0.0766246398264556,sim_9,0.1
0.0,0.0009425893003245,0.0,2020-07-01,0,0,1,2,0.0,0.0009425893003245,0.0,0.0,,0.0,,sim_9,0.1
0.0,0.0005089628634,0.0,2020-08-01,0,0,1,1,0.0,0.0005089628634,0.0,0.0,,0.0,,sim_9,0.1
0.016193070279341,0.0513613387359919,0.001396691891974,2020-01-01,0,1258,1,2880,0.0312301453154512,0.0462713360951808,0.0113437642872731,0.0413501327990899,0.0862524442789527,0.2927367085325651,0.3632312361243075,sim_0,0.01
0.0901745536187061,0.0887102734468802,0.0029599673357134,2020-02-01,0,2770,1,1577,0.1226741344563503,0.0787279845514999,0.0254772592779773,0.0330935539281734,0.0333666803257675,0.2529989198076338,0.3236112218941837,sim_0,0.01
0.0606230379238684,0.0409829757008946,0.0012936584668262,2020-03-01,0,634,1,318,0.071620147414575,0.0387947663749475,0.0101025586315856,0.0254642106441417,0.0315657524789741,0.1829926462804393,0.2604103484976667,sim_0,0.01
0.0195431392549483,0.0110205295152472,0.0001343451880135,2020-04-01,0,120,1,51,0.0221407108930446,0.0108612782487509,0.0025726655596135,0.0087911689544646,0.0121904476393508,0.155909727050689,0.2368658182483664,sim_0,0.01
0.0075664224335161,0.0036307473373493,0.0002120816749369,2020-05-01,0,27,1,14,0.0073395885163685,0.0040575605304848,0.0004120609509248,0.0378813002351243,0.0584126779506887,0.0723094783144251,0.1015538641577864,sim_0,0.01
0.0021839677575514,0.0,0.0,2020-06-01,0,6,1,0,0.0021839677575514,0.0,0.0,0.0,,0.0,,sim_0,0.01
0.0,0.0004380505023,0.0,2020-07-01,0,0,1,1,0.0,0.0004380505023,0.0,0.0,,0.0,,sim_0,0.01
0.0005148697076999,0.0,0.0,2020-08-01,0,1,1,0,0.0005148697076999,0.0,0.0,0.0,,0.0,,sim_0,0.01
0.000140372433544,6.856568819999999e-05,3.933233053013171e-06,2020-01-01,0,12,1,1,0.0001998283054383,6.540368250000005e-05,6.0227099247391234e-05,0.037649740700093,0.0573644508830755,0.4541465734621898,0.9208518075016828,sim_1,0.01
0.0502774625008841,0.0116324788232927,0.0015880737914213,2020-02-01,0,2849,1,925,0.0458696465617016,0.0244522738987899,0.0100000529277361,0.0513027070436332,0.1365206690289815,0.2844078450148237,0.4089620854537785,sim_1,0.01
0.0886505882407047,0.0966550367284881,0.0029486112528606,2020-03-01,0,1602,1,3165,0.0747762399617829,0.1341136221236316,0.0265328483690828,0.0318243038046021,0.0332610455426933,0.2540367263800824,0.3548299350521417,sim_1,0.01
0.0335657299577715,0.063228278760476,0.0011568321117789,2020-04-01,0,249,1,648,0.0307777829299314,0.0731956879703228,0.0083362942937856,0.0239029693489882,0.0344646791008084,0.1603542561694986,0.2708542818943137,sim_1,0.01
0.0099430175077745,0.0217575099809202,0.0004283602187257,2020-05-01,0,45,1,123,0.0094433210283394,0.0235898532276245,0.0017610069859949,0.027025431603842,0.0430815110594726,0.1066205126004225,0.1864817452155013,sim_1,0.01
0.0032830596546777,0.0066354374712157,0.0002631728122824,2020-06-01,0,10,1,27,0.003151583531337,0.0073830229184291,0.0008792821361551,0.0530670743645951,0.080160837743973,0.1669321280007827,0.2789969319905946,sim_1,0.01
0.00121188997015,0.0028721511694675,3.933233053013171e-06,2020-07-01,0,3,1,9,0.001284106241076,0.0032206658455003,0.0004246641800118,0.0019261476163197,0.0032455364347361,0.1885396960602148,0.3307079791590873,sim_1,0.01
0.0,0.000536366337,0.0,2020-08-01,0,0,1,1,0.0,0.000536366337,0.0,0.0,,0.0,,sim_1,0.01
0.0003940368570497,0.0047016871243214,5.434079146792517e-05,2020-01-01,0,52,1,476,0.0009316684241415,0.0046644817578393,0.0005547669920775,0.0213279964403811,0.1379078898222632,0.1982673709736499,0.595455397759909,sim_2,0.01
0.0676403298402,0.0823506641169191,0.0023025204458542,2020-02-01,0,3260,1,3320,0.093007294750487,0.0808469052364641,0.0261657264756863,0.03070211597521,0.0340406448533581,0.3010077004484245,0.3236453689743078,sim_2,0.01
0.0819061534367467,0.0729083335254394,0.0017306223210007,2020-03-01,0,1241,1,875,0.0979571471758482,0.0736843835880085,0.0185576661226714,0.0223573691966368,0.0237369617068109,0.2162374809882456,0.2518534487094699,sim_2,0.01
0.0308052920925494,0.0231273324361379,0.000267084068572,2020-04-01,0,205,1,141,0.0331754928675896,0.0241383378089596,0.003648290216434,0.00990436014958,0.011548416546076,0.1273092436282338,0.1511409047842518,sim_2,0.01
0.0098954797369904,0.0087091220809845,0.0001194042866797,2020-05-01,0,45,1,35,0.0102646409431285,0.0089865027637755,0.0007659461756087,0.012835994862774,0.0137102552438034,0.0795740956766162,0.0852329538801518,sim_2,0.01
0.0013494197196613,0.0008320191809067,3.814225159992852e-05,2020-06-01,0,4,1,3,0.0013818551477753,0.001051558134987,0.0002901166337942,0.0349698096884544,0.0458429955405126,0.2384441934704278,0.2758921491276737,sim_2,0.01
0.0010191763694792,0.0,0.0,2020-07-01,0,3,1,0,0.0010191763694792,0.0,0.0,0.0,,0.0,,sim_2,0.01
0.0,0.0005352426633,0.0,2020-08-01,0,0,1,1,0.0,0.0005352426633,0.0,0.0,,0.0,,sim_2,0.01
6.172863900000006e-05,0.0023927931472895,5.407952488600013e-05,2020-01-01,0,1,1,257,6.460648740000005e-05,0.0023987983751874,6.296260118387975e-05,0.0440652229595821,0.8760848410411263,0.0511183542259858,0.9745554002039692,sim_3,0.01
0.0333465399683811,0.0750609547941119,0.0025044265024161,2020-02-01,0,2082,1,3269,0.0603679219926714,0.0649570067162057,0.0194218604488005,0.0462039365064746,0.075103039319545,0.3099440893186772,0.3217248467018347,sim_3,0.01
0.1018908711225715,0.0775441937937506,0.0028743143718436,2020-03-01,0,2311,1,1068,0.1318687254875208,0.0682419020676849,0.0235498770107266,0.0320373765649877,0.0370667903194482,0.2353685788550113,0.345094088780951,sim_3,0.01
0.0438598440543105,0.0278987682294444,0.0009660242117587,2020-04-01,0,362,1,180,0.0496084109031581,0.0278028617646006,0.0066186845957626,0.0269242723908543,0.0346260524412407,0.1710005369416771,0.2380576737675884,sim_3,0.01
0.0130723159160142,0.0093001714176181,0.0001841608862037,2020-05-01,0,67,1,37,0.0146559251165619,0.0085016494309165,0.0009692481000498,0.0164631570426156,0.0198018808400549,0.0837089478488061,0.1140070650908231,sim_3,0.01
0.0031453001806686,0.0035484832580657,7.918546017185008e-05,2020-06-01,0,10,1,10,0.0032650092629311,0.0034975866990309,0.0001479979833994,0.0236594030555674,0.0251758037781363,0.0437695773137825,0.0453285033766253,sim_3,0.01
0.000943768498725,0.0012870426804285,5.4333523914172106e-05,2020-07-01,0,2,1,3,0.000934600323225,0.0012806352248042,3.875789278993158e-05,0.0487118985433695,0.0575708174065689,0.0349921188511173,0.0414700186023778,sim_3,0.01
0.0156978967879435,0.0386733415794096,0.0008315064298639,2020-01-01,0,1251,1,2413,0.0266394349245404,0.0364152383184402,0.0095149413054914,0.0305862604874272,0.0529692888860468,0.301799718121626,0.3571750426555095,sim_4,0.01
0.0958187582388585,0.0882942395566745,0.0026756391355248,2020-02-01,0,2942,1,1881,0.1227487677302395,0.0867596393687051,0.0280710484389362,0.0290651846155513,0.0303036658898617,0.2679706158586673,0.323549621035674,sim_4,0.01
0.0549543952409013,0.0453440242668589,0.0006339303730175,2020-03-01,0,554,1,383,0.0629194351805248,0.0455583734796195,0.0088133195254017,0.0126408845947659,0.0139804612243213,0.1624907367554495,0.193451145250925,sim_4,0.01
0.0174905269974576,0.0128042136100692,0.0001688972182844,2020-04-01,0,100,1,65,0.0186180412675577,0.0136307459387408,0.0021229438170561,0.0111502666731835,0.0131907529371115,0.131660381736247,0.1557467086978984,sim_4,0.01
0.0057943847851212,0.0047086503638198,4.759318346928543e-05,2020-05-01,0,23,1,17,0.007115593262129,0.0041831749390405,0.0008433262356978,0.0090627485854093,0.010107606169908,0.1492775532133721,0.2015995620520849,sim_4,0.01
0.0013184429973313,0.0015295346468351,3.838627822137961e-05,2020-06-01,0,5,1,4,0.0015383302502805,0.0015385696454162,0.0002673085297517,0.0269568676566031,0.0291148561591804,0.1737518533674831,0.1737653730094766,sim_4,0.01
0.000473298963,0.00099148855191,1.1085654983245134e-05,2020-07-01,0,1,1,3,0.000473298963,0.00099148855191,1.1085654983245134e-05,0.0151361953462929,0.0234220986096796,0.0151361953462929,0.0234220986096796,sim_4,0.01
0.0005187978152999,0.0,0.0,2020-08-01,0,1,1,0,0.0005187978152999,0.0,0.0,0.0,,0.0,,sim_4,0.01
0.0061131022147481,0.0262553429046366,0.0006335411661814,2020-01-01,0,548,1,1856,0.0114838541641812,0.0254770443256175,0.0052259945365955,0.0391456039265894,0.1036366060840668,0.2827850377088586,0.4550732238394024,sim_5,0.01
0.087453385871229,0.0951710886904463,0.0026434710059114,2020-02-01,0,3295,1,2401,0.1210277359214771,0.0887901342002654,0.0298368665659784,0.0289497999899097,0.0302272002344634,0.2844072961818379,0.3360380839010966,sim_5,0.01
0.0680485816695119,0.05425920893843,0.0012714209504292,2020-03-01,0,823,1,520,0.0813353100880032,0.0545100003985039,0.0148089408289941,0.0207905145552794,0.0234323532411239,0.2180265299693951,0.2716738345391862,sim_5,0.01
0.0200855110362034,0.016578489535386,0.0001209474422395,2020-04-01,0,118,1,94,0.0215705953992006,0.0180267493491132,0.0030542916189639,0.0065976129366104,0.0072954440138439,0.1542674963878215,0.1694310804357062,sim_5,0.01
0.0029070584050023,0.0049302203154129,5.507601453227388e-05,2020-05-01,0,12,1,20,0.0035015943890599,0.0053485032556333,0.0010678949388103,0.0140548821847581,0.0189456167917032,0.2413295269009187,0.3049739119261829,sim_5,0.01
0.0025293094978712,0.0,0.0,2020-06-01,0,8,1,0,0.0025293094978712,0.0,0.0,0.0,,0.0,,sim_5,0.01
0.0002137162677195,0.0045747332816112,0.0001803320901561,2020-01-01,0,5,1,468,0.0001715434226188,0.0045671229071748,0.000130548870619,0.0753196157956323,0.8437920616919465,0.0550994147016761,0.7610252181407455,sim_6,0.01
0.0423936085796507,0.0811306251805052,0.0026402563625817,2020-02-01,0,2441,1,3255,0.0724221708730031,0.0697703415971775,0.0213085350726064,0.0427487996842507,0.0622795853205353,0.2997138836979917,0.3054096423324448,sim_6,0.01
0.0965915245661361,0.0742621513975578,0.002161142946169,2020-03-01,0,1969,1,957,0.1227136578982662,0.0675040946874191,0.0215252195681601,0.0252981732348357,0.0291015396874171,0.2263218787475044,0.3188727982774033,sim_6,0.01
0.0404504172824675,0.0258769212072376,0.001060722903558,2020-04-01,0,320,1,154,0.0451326125468317,0.024877424005633,0.0047434209663176,0.031984485664917,0.0409910783073127,0.1355068844382889,0.1906717096289213,sim_6,0.01
0.0112874225872179,0.0090900276968663,0.0002170003819238,2020-05-01,0,50,1,38,0.0123084681348419,0.0093554928902558,0.0015035111229374,0.0212980896921496,0.0238723565164363,0.1388029752449777,0.1607089162029484,sim_6,0.01
0.0036369265691352,0.0015915088114836,6.47213761224066e-05,2020-06-01,0,11,1,5,0.0033865655603973,0.0021136355568614,0.0003364871127622,0.0247574547300782,0.0406666778439448,0.1223544759868665,0.1591982646535061,sim_6,0.01
0.0008317300757055,0.0,0.0,2020-07-01,0,3,1,0,0.0008317300757055,0.0,0.0,0.0,,0.0,,sim_6,0.01
0.0007414651968652,0.0,0.0,2020-08-01,0,2,1,0,0.0007414651968652,0.0,0.0,0.0,,0.0,,sim_6,0.01
0.0065062245115764,0.0001428344351169,8.537973204109404e-05,2020-01-01,0,661,1,9,0.0064930325912179,0.0002540981223006,0.0001834514988661,0.0256817491694979,0.5977531396485546,0.054379115109949,0.721971092132339,sim_7,0.01
0.0860569056925908,0.0540748484007856,0.0024694031093754,2020-02-01,0,3209,1,2886,0.0755666258303922,0.086081334523894,0.0239856093702856,0.035244019106904,0.0456663898726637,0.2967635263410189,0.3174100882064105,sim_7,0.01
0.0711089671622,0.0901582527128293,0.0022084202172157,2020-03-01,0,833,1,1585,0.0657566157093872,0.1129202650603292,0.0196180811119026,0.0273883337100634,0.0310568456461801,0.2195928317910024,0.2983438381106048,sim_7,0.01
0.0245874613283055,0.0356203355023876,0.000456283438028,2020-04-01,0,152,1,260,0.0246194489730474,0.0398735734149442,0.0047415089953264,0.0151569551468924,0.0185575660673326,0.1470394414701598,0.1925920031970356,sim_7,0.01
0.007614405045873,0.0130015442895397,0.0003226873229231,2020-05-01,0,31,1,57,0.0076109900226849,0.0137831399194832,0.0011008679296786,0.031304629020292,0.0423785339733156,0.10291308248145,0.1446418831712324,sim_7,0.01
0.0018146472532873,0.0016681029282584,5.221340537859668e-05,2020-06-01,0,5,1,5,0.0018256626987276,0.0017273186923016,0.0001224446148622,0.0299840084168328,0.031301069312977,0.0689249964389886,0.070887101151604,sim_7,0.01
0.0004502355818999,0.0004372161680999,3.778553787284161e-05,2020-07-01,0,1,1,1,0.0004502355818999,0.0004372161680999,3.778553787284161e-05,0.0851551374434533,0.0864230113836945,0.0851551374434533,0.0864230113836945,sim_7,0.01
0.0,0.0005372740857,0.0,2020-08-01,0,0,1,1,0.0,0.0005372740857,0.0,0.0,,0.0,,sim_7,0.01
0.0294801945965526,0.0132183511807541,0.0008638198772428,2020-01-01,0,1986,1,1086,0.0290534558349443,0.0205291512112736,0.0077478811461541,0.0404613253925814,0.0653500474779745,0.3125241534367879,0.3774087426419907,sim_8,0.01
0.0928824865566182,0.0942089970609698,0.0027539804468267,2020-02-01,0,2321,1,2989,0.0940698983910218,0.1190034602717123,0.0287358554919732,0.029439933807525,0.0296501584843768,0.269727343411882,0.3054734403190955,sim_8,0.01
0.0482606818731656,0.0631909645270582,0.001283776636121,2020-03-01,0,451,1,663,0.0504870473242788,0.0717651170771656,0.0120842946373413,0.0230373741005319,0.0266008805987239,0.1976945716504399,0.2393543547857694,sim_8,0.01
0.0134471890340947,0.0161559878268237,0.0003462405207592,2020-04-01,0,68,1,87,0.014057028701305,0.0168799583954494,0.0016800507565952,0.0233921191895022,0.0257481708542494,0.1086111424710449,0.1195167764322243,sim_8,0.01
0.0027148188291437,0.0058876425095227,7.600440933669908e-06,2020-05-01,0,9,1,25,0.0032602953296072,0.0060408825138316,0.000706316945706,0.0017670386728754,0.0027996125752771,0.151876882174515,0.2166420137746178,sim_8,0.01
0.0007585426793516,0.0007061929031178,1.175552250008461e-06,2020-06-01,0,2,1,2,0.0007585426793516,0.0007061929031178,1.175552250008461e-06,0.0016051391992901,0.001664633338594,0.0016051391992901,0.001664633338594,sim_8,0.01
0.0004396543932,0.0008729744289216,1.175552250008461e-06,2020-07-01,0,1,1,2,0.000442706709,0.0008918505175499,2.3103956678356064e-05,0.0017911419133832,0.0026738098565381,0.034624152818209,0.0521879524494761,sim_8,0.01
0.0038993543012188,0.0272162488333659,0.0006144362048863,2020-01-01,0,397,1,1896,0.0091642671703451,0.0257375056347999,0.0044006058754465,0.0394937679484291,0.1575738333637155,0.2521709083383766,0.4801917920602065,sim_9,0.01
0.0811712840011931,0.0946626975607018,0.0023208440218458,2020-02-01,0,3300,1,2426,0.116763232074549,0.0845055978164762,0.0277556923509764,0.0263981285213509,0.0285919343324884,0.2758071616554285,0.3284479734851943,sim_9,0.01
0.0775308754973783,0.0544932735848083,0.0014347087635725,2020-03-01,0,974,1,494,0.0917289998299611,0.0522785355853472,0.0134180950966942,0.0217340353798364,0.0263281808779514,0.1863526801982594,0.2566654736299671,sim_9,0.01
0.0278173540167116,0.0152593547596724,0.0004700239494513,2020-04-01,0,175,1,75,0.0307247644214059,0.014202917120617,0.0023209967150901,0.0218226490742979,0.0308023475994911,0.1033214550775004,0.163416901991283,sim_9,0.01
0.0061341348346412,0.0056875538404457,4.262354951703978e-05,2020-05-01,0,24,1,22,0.0060127648449814,0.0064002359991893,0.0006339357186008,0.007211076300269,0.0074941795212437,0.1021406067008406,0.1054316499887631,sim_9,0.01
0.0018403286937119,0.0015204259052854,4.400109827915447e-05,2020-06-01,0,5,1,4,0.0018864154219008,0.0015073444817959,7.70064029786461e-05,0.0261852491653404,0.0289399819657073,0.045381173190692,0.0510874613657625,sim_9,0.01
0.0004482853473,0.0,0.0,2020-07-01,0,1,1,0,0.0004482853473,0.0,0.0,0.0,,0.0,,sim_9,0.01
0.0001746775982011,0.0206258604225399,9.97068770023129e-05,2020-01-01,0,7,1,1590,0.00035705647144,0.0205672339369063,0.0002234592646075,0.0095869517320072,0.5708051749573115,0.0213588380056571,0.6258373184116856,sim_0,0.001
0.0480308035742085,0.0890474073992913,0.0005437979522222,2020-02-01,0,2735,1,2533,0.0884445329055626,0.0698779386939607,0.021788058578246,0.0079341267785783,0.0113218583024964,0.2752364633791082,0.3118016785479264,sim_0,0.001
0.0904716444614055,0.0564035950379622,0.0004347844160951,2020-03-01,0,1700,1,565,0.1172302357650403,0.0444852595113248,0.0152750401930929,0.0059204589905986,0.0077084521971081,0.1889125116549723,0.3433730714598694,sim_0,0.001
0.039551721170301,0.0232735499638684,0.0001228506350537,2020-04-01,0,304,1,129,0.0457197762677798,0.0217643446469211,0.0047817004155851,0.003910866848196,0.0052785516281141,0.1417133497709531,0.219703395308142,sim_0,0.001
0.0132274570941375,0.0047509173849016,4.659489556069466e-05,2020-05-01,0,66,1,17,0.0144212675518856,0.0041133499493159,0.000602837917723,0.0051834380928063,0.0098075575274731,0.065049944266069,0.1465564382197269,sim_0,0.001
0.0035321282093999,0.0011153153880733,4.302952898942868e-05,2020-06-01,0,12,1,3,0.0034634821006281,0.0014504018780385,0.0003094699101828,0.0185175045536099,0.0385805929422,0.1259573532978905,0.213368387664659,sim_0,0.001
0.0004552968639,0.000433732866,2.457282506057633e-05,2020-07-01,0,1,1,1,0.0008644569048394,0.0,0.0,0.0552800974683722,0.0566542842076817,0.0,,sim_0,0.001
0.0137542736086913,0.0,0.0,2020-01-01,0,1178,1,0,0.0137542736086913,0.0,0.0,0.0,,0.0,,sim_1,0.001
0.0917507762342313,0.0320594862516457,0.0004267831924455,2020-02-01,0,2912,1,2112,0.0746253473054759,0.0673699667298609,0.0186118347419054,0.0068941488997207,0.0133122280592898,0.2621471682829441,0.2762630834676665,sim_1,0.001
0.059262295718917,0.0961808896288349,0.0003176610258262,2020-03-01,0,636,1,2208,0.0438146675509166,0.1270359708024937,0.0157251140314848,0.0040871656755568,0.0053602551499683,0.1840802490764695,0.3589006812207527,sim_1,0.001
0.019517520178952,0.0449362483390522,9.912564445763306e-05,2020-04-01,0,121,1,377,0.0181420300803707,0.0514877509729245,0.0052751381797486,0.0030758680752683,0.005078803226474,0.1515195969296827,0.290768902729152,sim_1,0.001
0.0053354783990342,0.0132427927722492,5.8430313258619736e-05,2020-05-01,0,20,1,69,0.0054525158919759,0.0140384512183213,0.0009711262522723,0.0062901776726066,0.0109512791335068,0.0996488523916645,0.1781060837807977,sim_1,0.001
0.0014465177749601,0.0031851673183387,3.418154999046538e-05,2020-06-01,0,4,1,11,0.0018001879108637,0.0029881875717347,0.0001908719392901,0.0147598765036592,0.0236302315686424,0.0797230459406358,0.1060288973935621,sim_1,0.001
0.0009064231635562,0.0020392171157772,3.418154999046538e-05,2020-07-01,0,2,1,5,0.000499063134,0.0024461794168151,3.378382147206796e-05,0.0232082309780196,0.0377103668184721,0.0229412830279244,0.0676944842655277,sim_1,0.001
0.0037772718471916,0.043218747763494,0.0001977523316778,2020-01-01,0,415,1,2551,0.0132438817307256,0.0393696172516159,0.0058152317033336,0.008415705556173,0.0523532167336224,0.2210547413045233,0.4390881632416268,sim_2,0.001
0.0792886895135846,0.0907652095306459,0.0006667653829945,2020-02-01,0,3269,1,1801,0.1221472701452537,0.0720370420346531,0.0247971785186712,0.0078418123517541,0.0084093379154698,0.2553983711691114,0.3442281612110427,sim_2,0.001
0.0710757576456892,0.0420188902109031,0.000262086701873,2020-03-01,0,902,1,348,0.0857836842717028,0.037320456624041,0.0102715797410243,0.0046348206009773,0.0062373542127726,0.1668762669766459,0.2752265290989943,sim_2,0.001
0.025561476905023,0.0117561019925584,9.349624493927612e-05,2020-04-01,0,171,1,61,0.029467736922128,0.0109036313143808,0.0031472855838665,0.0050108419517717,0.007952997090231,0.1559167162940205,0.2886456349377503,sim_2,0.001
0.0079500367001324,0.0039407421733204,4.631822451584431e-05,2020-05-01,0,35,1,14,0.0079526800644528,0.0045630601129969,0.0006712795285127,0.0077906123743085,0.0117536805197324,0.1072696490971002,0.1471116995808918,sim_2,0.001
0.0017192055444495,0.0011500789882642,9.12083890456909e-06,2020-06-01,0,5,1,3,0.0021920688387315,0.0007415852843198,7.349042924211392e-05,0.006357570189069,0.0079306195466927,0.0501016317258795,0.099099093247943,sim_2,0.001
0.0009450672029794,0.0004652881455,9.12083890456909e-06,2020-07-01,0,3,1,1,0.0009450672029794,0.0004652881455,9.12083890456909e-06,0.0129341004937553,0.0196025602474092,0.0129341004937553,0.0196025602474092,sim_2,0.001
0.0,0.0007326685732021,0.0,2020-08-01,0,0,1,2,0.0,0.0007326685732021,0.0,0.0,,0.0,,sim_2,0.001
0.0,0.0005978393208,0.0,2020-09-01,0,0,1,1,0.0,0.0005978393208,0.0,0.0,,0.0,,sim_2,0.001
0.0308032903946631,7.345423019999994e-05,5.8779509024425286e-05,2020-01-01,0,2058,1,1,0.0308117315796321,6.109986539999994e-05,5.48663291933851e-05,0.0038073643927536,0.8002195226113109,0.003554343843782,0.8979779060754716,sim_3,0.001
0.0925351032734497,0.0226772608357735,0.0004840153259217,2020-02-01,0,2231,1,1716,0.0739737584447517,0.0562731490292764,0.0155185586907272,0.0084021420732736,0.0213436415194455,0.2382944668966015,0.2757719970967617,sim_3,0.001
0.0470015286012756,0.0958461729951866,0.000307178255327,2020-03-01,0,426,1,2532,0.0278507538786112,0.1264783295459534,0.0117885600834297,0.0043007798080623,0.0065354950034275,0.1527717241862838,0.4232761574358359,sim_3,0.001
0.0131971500204769,0.0522892454530401,0.0001563657877231,2020-04-01,0,70,1,480,0.0107847667899818,0.0580063418672104,0.0034610789713984,0.0047755197577299,0.0118484511792719,0.100625765130376,0.3209229312787238,sim_3,0.001
0.0018158541815355,0.0198369744909713,2.7263133359731e-05,2020-05-01,0,6,1,107,0.0021466565068984,0.0202758701404811,0.0007969611082323,0.002518205244412,0.0150139442015527,0.0710857541405158,0.3712569317314197,sim_3,0.001
0.0007488601543585,0.0041814524688704,2.3427315978498406e-05,2020-06-01,0,2,1,14,0.0007507848950458,0.0042781199138671,0.0001220195016624,0.0095033795090889,0.0312839664951413,0.0485272663925651,0.1625225846546062,sim_3,0.001
0.0004680027546,0.0020164184776586,6.308326009908178e-08,2020-07-01,0,1,1,5,0.0004687049426999,0.002125279799009,0.0001096265927104,5.078306309733984e-05,0.0001347924974351,0.0845236989622744,0.2338925467245238,sim_3,0.001
0.0,0.0010425859400458,0.0,2020-08-01,0,0,1,2,0.0,0.0010425859400458,0.0,0.0,,0.0,,sim_3,0.001
0.0,0.0006070420443,0.0,2020-09-01,0,0,1,1,0.0,0.0006070420443,0.0,0.0,,0.0,,sim_3,0.001
0.0008479530215999,0.0,0.0,2020-12-01,0,1,1,0,0.0008479530215999,0.0,0.0,0.0,,0.0,,sim_3,0.001
0.009967670729168,5.4492560399999984e-05,3.482269095258522e-05,2020-01-01,0,900,1,1,0.0099868349477531,4.424475990000002e-05,4.373910903776794e-05,0.0069491366178062,0.6390356903212283,0.0087207180707371,0.9885715085046244,sim_4,0.001
0.09058810326694,0.0475754265980783,0.0004541615146442,2020-02-01,0,3104,1,2737,0.0750518491653241,0.0858953424453415,0.0232378232602915,0.0065742604446771,0.0095461364641263,0.2887633269986376,0.309623593805174,sim_4,0.001
0.0632812262391232,0.0909870014920468,0.0003220716615124,2020-03-01,0,708,1,1710,0.0544212335270329,0.1164275088919338,0.0169025863493091,0.0041754762629886,0.0050895294015856,0.1978660903205191,0.3105880784733241,sim_4,0.001
0.0184828530545422,0.0387529457851905,7.580450634375571e-05,2020-04-01,0,109,1,297,0.0178126050859138,0.0424914692502008,0.0031440800027255,0.0026488494222302,0.0041013422613954,0.104274214879793,0.1765087132152194,sim_4,0.001
0.0077071347307623,0.0097637094258284,4.917056435353277e-05,2020-05-01,0,30,1,46,0.0071551733950826,0.0115885255933569,0.0013220253962023,0.0056288710394092,0.0063798760591627,0.1410634471901979,0.1847649697924738,sim_4,0.001
0.001121770125954,0.0019059351226009,8.415767903416798e-06,2020-06-01,0,4,1,6,0.0014238379328604,0.0020286653473672,0.0004332137995762,0.0055591725168316,0.0075022214522423,0.2509563435071605,0.3042578018032559,sim_4,0.001
0.0,0.0036765725588106,0.0,2020-01-01,0,0,1,421,0.0,0.0036765725588106,0.0,0.0,,0.0,,sim_5,0.001
0.0063158345598199,0.0791256322235796,0.0004976122266964,2020-02-01,0,607,1,3257,0.024143747599522,0.0705418724252145,0.0097417654680335,0.0116480263139198,0.0787880401209659,0.2057707488315221,0.403490196701126,sim_5,0.001
0.0905090519066298,0.0745087888996679,0.0005317626191324,2020-03-01,0,3381,1,940,0.1379631291798466,0.0440742924780338,0.0175513434707143,0.0064449106415909,0.0071369113226159,0.1928322573553059,0.3982217860777179,sim_5,0.001
0.06450669871766,0.0261546068792094,0.0004604542631958,2020-04-01,0,706,1,166,0.0748667450386394,0.021091917240387,0.0057578109453529,0.0101576799531947,0.0176050921094864,0.1200060694595867,0.2729866080797916,sim_5,0.001
0.0223278783011029,0.0069351327789566,0.0001045478338745,2020-05-01,0,130,1,28,0.0247028354742465,0.0057331288262275,0.0012775010542889,0.0071453914013524,0.0150751019781192,0.0839468098777511,0.2228278995658945,sim_5,0.001
0.0063449137265277,0.0033088503568286,6.014481347542698e-05,2020-06-01,0,23,1,10,0.0067905928381789,0.0031061673864446,0.0003031409547426,0.0124603860123575,0.0181769518078395,0.0612606444659414,0.0975932449956103,sim_5,0.001
0.0023604633714309,0.0012940143502089,5.487981464884157e-05,2020-07-01,0,6,1,3,0.0024432104730779,0.0012112672485619,5.487981464884157e-05,0.0300342860616568,0.042410514721094,0.0300342860616568,0.0453077673106385,sim_5,0.001
0.0,1.2825944999999462e-06,0.0,2019-12-01,0,0,1,1,0.0,1.2825944999999462e-06,0.0,0.0,,0.0,,sim_6,0.001
0.0,0.0003259950140087,0.0,2020-01-01,0,0,1,27,0.0,0.0003259950140087,0.0,0.0,,0.0,,sim_6,0.001
0.0010489558520884,0.0535189128882785,0.0002534324728344,2020-02-01,0,80,1,2871,0.0059072515084345,0.0515132701925834,0.0031060854334853,0.0092887070242842,0.2416045177972476,0.1081872940708697,0.5258089026767252,sim_6,0.001
0.0724594558146216,0.0894643188805594,0.0003365695251949,2020-03-01,0,3363,1,1556,0.1234336743131376,0.060578081820551,0.022424550963702,0.004157135366051,0.0046449358667001,0.243729546794935,0.3701759826289932,sim_6,0.001
0.0788391934085191,0.035356012846434,0.0004572737365278,2020-04-01,0,1079,1,253,0.0955792708835828,0.0265832545407362,0.0084245929058936,0.0080086327880855,0.0129334079188718,0.1379243409815192,0.3169135251285277,sim_6,0.001
0.0285053772202041,0.0113772235464838,0.0002065515116585,2020-05-01,0,190,1,52,0.0313007904417561,0.0100229150872418,0.0016476562739685,0.0103579760440826,0.0181548258074235,0.0797438783805269,0.1643889287325058,sim_6,0.001
0.0076977405813745,0.0036208591115564,9.75039724382546e-05,2020-06-01,0,32,1,12,0.0085386253879688,0.0034525500424269,0.000770079709903,0.0172289815142328,0.026928408268374,0.1284410714150758,0.223046646808848,sim_6,0.001
0.0026499103153374,0.0014286813839451,8.046756982614361e-05,2020-07-01,0,8,1,4,0.0027010840994554,0.0014149168322525,0.0001178768022514,0.0394585071314179,0.0563229637695276,0.057277344785494,0.083310057216415,sim_6,0.001
0.0010187833217691,0.0,0.0,2020-08-01,0,2,1,0,0.0010187833217691,0.0,0.0,0.0,,0.0,,sim_6,0.001
0.000155787322645,0.0303229140054886,0.0001153307904301,2020-01-01,0,4,1,2042,0.0001706303210666,0.030290374148305,9.763393166824302e-05,0.0075679596179976,0.7403092143314799,0.0064104210198592,0.5721956745899183,sim_7,0.001
0.0357381547807418,0.0930201653304616,0.0005482395809161,2020-02-01,0,2260,1,2204,0.0746746716835226,0.0722682787935529,0.0187328699467884,0.008515792695068,0.0153404557196538,0.2549679298798469,0.2592128975466836,sim_7,0.001
0.0963503150560841,0.0516545585701143,0.0004394767605996,2020-03-01,0,2068,1,457,0.1240524414340239,0.0355117850595983,0.0119988296280231,0.0059386795830735,0.0085079956690194,0.1503949837841976,0.3378830325731554,sim_7,0.001
0.0407773534861835,0.013215458795573,6.84918433876783e-05,2020-04-01,0,342,1,70,0.0456930851089047,0.01056698576443,0.0023357504349658,0.0025370726396046,0.0051827064385098,0.0830340381271343,0.221042261912413,sim_7,0.001
0.014911378359356,0.0039554119422074,3.878278696557072e-05,2020-05-01,0,78,1,14,0.0152766180212566,0.0040791740637766,0.0005277845704352,0.0041112225604539,0.009804993141606,0.0545350526722557,0.1293851554710618,sim_7,0.001
0.004878517176847,0.0018067386431023,3.21494924539488e-05,2020-06-01,0,16,1,5,0.004861233100375,0.0019850004677499,0.0001931272406295,0.0096180290836476,0.017794213112498,0.0564185369102103,0.0972932972900021,sim_7,0.001
0.0019396642178044,0.0004356796457999,1.842611015899841e-05,2020-07-01,0,5,1,1,0.0020153938244725,0.0004311409022999,8.961697332705245e-05,0.0155144780857433,0.0422927954900536,0.0732603321312956,0.2078600588554097,sim_7,0.001
0.0006012327981,0.0,0.0,2020-09-01,0,1,1,0,0.0006012327981,0.0,0.0,0.0,,0.0,,sim_7,0.001
0.0517771442649361,0.0143372059021608,0.0001395059507493,2020-01-01,0,2903,1,1236,0.0460473102616591,0.030422384374196,0.0104948504195076,0.0042201413277683,0.0097303443712371,0.2744839107697124,0.3449713306629983,sim_8,0.001
0.0837361076560516,0.0882359496502466,0.0003637864702436,2020-02-01,0,1522,1,2802,0.0732042657632685,0.1226858843581927,0.0242818792854067,0.0042307625545903,0.0043444396978414,0.2479132235117572,0.3317003323813214,sim_8,0.001
0.0389954018924713,0.0617423174037091,8.584618988847072e-05,2020-03-01,0,294,1,672,0.0369817734036068,0.0733455594756377,0.0096754597729523,0.0017043504754375,0.0022014439067762,0.1753955166040745,0.2616277934364486,sim_8,0.001
0.0115142283462472,0.0229967567253618,1.268082584908729e-05,2020-04-01,0,58,1,132,0.0122584951254272,0.0246277869793898,0.0023879778590571,0.0007348863454795,0.0011013179057909,0.1294778287641663,0.1948018769533824,sim_8,0.001
0.0038809125527485,0.0053332829794798,1.0152228328713242e-05,2020-05-01,0,13,1,22,0.0040776256293986,0.0052890541634684,0.0001626364889675,0.0022036060105744,0.0026159384399226,0.0347266037836425,0.0398850958251303,sim_8,0.001
0.0007663490684838,0.0007776016680328,7.665880535047712e-07,2020-06-01,0,2,1,3,0.0007708396720464,0.0011447490323331,0.0003724045559163,0.0009930213903511,0.0010003118487785,0.3888147336272626,0.4831154511387337,sim_8,0.001
0.0,0.0020471296281916,0.0,2020-07-01,0,0,1,5,0.0,0.0020471296281916,0.0,0.0,,0.0,,sim_8,0.001
0.0003196320120394,0.0458280360632023,9.528310559595974e-05,2020-01-01,0,21,1,2660,0.0011533637720945,0.0454603755869666,0.0005613543894154,0.0041294873422685,0.2981025116602291,0.0240853618325436,0.4867106137693343,sim_9,0.001
0.0554844431542407,0.0865548815244956,0.000565370425238,2020-02-01,0,2902,1,1725,0.0984556461024425,0.0632591201816825,0.0202408120306267,0.0079607591280337,0.0101897107206488,0.2503273200799062,0.3199667015996166,sim_9,0.001
0.0948407311831726,0.0383307752972857,0.0001547701723542,2020-03-01,0,1586,1,316,0.1153523823829617,0.027784631314085,0.0101202773889426,0.0023243736808957,0.0040377522018233,0.1414068538604902,0.3642401180184921,sim_9,0.001
0.0358211152357135,0.0140851159399712,0.0002814341373422,2020-04-01,0,259,1,69,0.0398620233919338,0.0127020177844438,0.002939244138035,0.0112785169591942,0.0199809599396729,0.1118347856159886,0.2313997813508641,sim_9,0.001
0.0093795223605169,0.0038418271890556,2.014034745300629e-05,2020-05-01,0,41,1,13,0.009977794689688,0.0035340266567439,0.0003106121443123,0.0030466401901698,0.005242387661366,0.0459763545340749,0.0878918509908747,sim_9,0.001
0.0032440302019526,0.0007523676680929,9.48176715857568e-06,2020-06-01,0,10,1,2,0.002956657481543,0.0011060010091296,7.574238778566277e-05,0.004745156747102,0.0126025712702526,0.0372871054554823,0.0684831091115066,sim_9,0.001
0.0004695366857999,0.0004357789712999,9.70473307009324e-07,2020-07-01,0,1,1,1,0.0009043451837929,0.0,0.0,0.0021439445996505,0.0022269851712078,0.0,,sim_9,0.001
